Player_ID,Date,Total_Distance_m,High_Speed_Running_m,Sprint_Distance_m,Injury_Occurred,Daily_Load,Acute_Load,Chronic_Load,ACWR,Monotony,Strain,Injury_Risk_Probability,Risk_Level
P001,2026-01-01,8926,1161,421,0,1894.1,0.0,0.0,0.0,0.0,0.0,0.0197,Low
P001,2026-01-02,8782,897,427,0,1753.7,0.0,0.0,0.0,0.0,0.0,0.0393,Low
P001,2026-01-03,10284,826,323,0,1764.4,1792.4783783783782,0.0,0.0,22.935064791752737,41110.60774592398,0.0277,Low
P001,2026-01-04,8438,827,293,0,1550.3000000000002,1703.9102857142857,0.0,0.0,11.997147556021003,20442.063119936192,0.0464,Low
P001,2026-01-05,6263,450,212,0,1063.3000000000002,1493.9279129321385,0.0,0.0,4.569581979266263,6826.626069257559,0.0639,Low
P001,2026-01-06,7614,1061,178,0,1469.9,1486.6203445203448,0.0,0.0,4.99566303376226,7426.654300359202,0.0245,Low
P001,2026-01-07,7015,1407,246,0,1651.0,1534.045791364373,0.0,0.0,5.62166707874264,8623.894722596797,0.0389,Low
P001,2026-01-08,9235,540,214,0,1407.5,1498.8897719372617,0.0,0.0,6.152526293244398,9221.9587325191,0.1009,Low
P001,2026-01-09,9300,622,306,0,1547.0,1511.8937268261702,0.0,0.0,6.79195435101786,10268.713176193614,0.0689,Low
P001,2026-01-10,8232,880,208,0,1471.2,1501.1132061075648,0.0,0.0,7.9850242786978125,11986.425395842818,0.0052,Low
P001,2026-01-11,11912,963,163,0,1835.7,1588.4485235951697,0.0,0.0,6.689757721968569,10626.33577667036,0.0125,Low
P001,2026-01-12,10367,601,290,0,1627.2,1598.4533077615565,0.0,0.0,10.982897763568834,17555.649258983605,0.0336,Low
P001,2026-01-13,6194,569,288,0,1191.9,1494.3415707987638,0.0,0.0,7.312860639754401,10927.911655443044,0.0136,Low
P001,2026-01-14,10241,1018,257,0,1790.1000000000001,1569.6225303222725,1564.2250442959878,1.0034505751020042,7.020360525018045,11019.316051053422,0.0189,Low
P001,2026-01-15,8682,523,197,0,1326.7,1508.0693340026362,1539.3161187491628,0.9797008592563,6.439885373283287,9711.793645940645,0.3473,Low
P001,2026-01-16,8442,1284,303,0,1789.2,1579.063546797955,1564.61286662823,1.0092359396919106,6.257910809210238,9881.63883793678,0.0409,Low
P001,2026-01-17,6489,1064,230,0,1410.9,1536.7042474983743,1549.538329054642,0.9917174740161011,5.968211201225679,9171.375502890876,0.0593,Low
P001,2026-01-18,8118,1151,372,0,1759.3000000000002,1592.6686969665532,1569.5277709689603,1.0147438715505288,6.48598131098892,10330.01940312214,0.0752,Low
P001,2026-01-19,10530,715,238,0,1648.5,1606.6857909593402,1576.8604338093785,1.0189143860301992,6.512517107206534,10463.568699528365,0.2998,Low
P001,2026-01-20,9630,1260,221,0,1814.0,1658.6792254196116,1598.3654557056107,1.0377346489323547,8.30165220365481,13769.77804686117,0.0856,Low
P001,2026-01-21,8855,635,149,0,1352.0,1581.8266321687672,1576.4987193069435,1.003379579547245,7.324192130141226,11585.602170578284,0.2119,Low
P001,2026-01-22,10352,1374,261,0,1983.2,1682.3492871135409,1611.8958600009948,1.0437084171650013,7.412246252868083,12469.987199422634,0.0545,Low
P001,2026-01-23,10639,1076,204,0,1805.9,1713.2783439295986,1628.481274540458,1.0520712520273572,7.5013377602904905,12851.879535207056,0.1456,Low
P001,2026-01-24,9675,1428,265,0,1946.5,1771.6423198515624,1655.2267412930328,1.0703320970782932,8.37483539437955,14837.21280647356,0.0211,Low
P001,2026-01-25,11480,181,351,0,1589.5,1726.072446578651,1649.7815155968979,1.0462430447899158,7.811686696129866,13483.537167494775,0.1279,Low
P001,2026-01-26,9264,877,278,0,1642.9,1705.2675925163712,1649.2192119021126,1.0339847910271236,7.704561125749,13138.338402301219,0.1753,Low
P001,2026-01-27,6152,901,304,0,1369.7,1621.3401674302545,1626.6665568305127,0.9967255739382187,6.34694871476451,10290.56289186753,0.1294,Low
P001,2026-01-28,11350,812,188,0,1729.0,1648.2636732276953,1634.8275690763282,1.008218661296966,7.718430550732316,12722.008691102912,0.0996,Low
P001,2026-01-29,8381,1242,302,0,1761.1,1676.4794733695248,1644.790262198159,1.019266408433347,9.166849438959838,15368.034919885115,0.0348,Low
P001,2026-01-30,8339,1121,278,0,1672.4,1675.4594228643925,1646.9472017792975,1.0173121584475628,9.52700448855747,15962.109442024976,0.043,Low
P001,2026-01-31,10586,756,236,0,1672.6000000000001,1674.744471390148,1648.933076040141,1.0156533855548937,12.968767197701558,21719.371165096585,0.0806,Low
P001,2026-02-01,8545,528,298,0,1416.5,1610.1768675701842,1631.0903417943393,0.987178218422328,10.501078075448776,16908.593001636047,0.0775,Low
P001,2026-02-02,9525,969,245,0,1682.0,1628.1340035560397,1634.9681784406437,0.9958199890781226,10.472655052453524,17050.885798412542,0.0489,Low
P001,2026-02-03,7010,841,234,0,1355.5,1559.9716511881084,1613.8331110464906,0.9666251304698371,9.796198797117192,15281.792412905867,0.057,Low
P001,2026-02-04,7930,919,309,0,1561.5,1560.3537545839993,1609.9015520708,0.9692230825448309,10.316875411755083,16097.975284307387,0.022,Low
P001,2026-02-05,11963,1019,294,0,1999.8,1670.218807864169,1639.0135923161604,1.0190390156029892,7.897795981797982,13191.04738947305,0.0557,Low
P001,2026-02-06,9022,391,266,0,1363.7,1593.5872791686586,1618.5736219877351,0.9845627333071086,6.906252117973688,11005.715521934475,0.087,Low
P001,2026-02-07,9224,1706,249,0,2024.4,1701.2923849686163,1648.5450295544777,1.0319963022838574,5.943940058447011,10112.379958145812,0.0736,Low
P001,2026-02-08,9586,957,152,0,1589.1,1673.243912630661,1644.1762002975747,1.0176791892201296,6.1530331323440945,10295.525232909526,0.1306,Low
P001,2026-02-09,10848,1193,348,0,2029.3,1762.2588296590895,1672.3527492351238,1.05376023086486,5.733966628899352,10104.733320748446,0.0864,Low
P001,2026-02-10,7769,1388,128,0,1598.9,1721.4188142109972,1667.0012352463325,1.0326439881912766,6.298393980876735,10842.173897994511,0.1527,Low
P001,2026-02-11,10014,1624,170,0,1983.4,1786.914481156046,1689.963610681068,1.0573686079916358,6.51224862650583,11636.831375591837,0.1061,Low
P001,2026-02-12,8284,997,218,0,1544.9,1726.4106041719629,1679.4735953424074,1.0279474465572123,6.333153517478314,10933.623390423527,0.1098,Low
P001,2026-02-13,6807,988,162,0,1336.7,1628.9826431164738,1654.769238963415,0.9844167965635725,5.842383867527227,9517.141914625548,0.1754,Low
P001,2026-02-14,9844,691,424,0,1753.9,1660.2120568655644,1661.8916595412807,0.9989893368463783,6.688816563861934,11104.853905485677,0.6196,Medium
P001,2026-02-15,7958,870,350,0,1580.8000000000002,1640.359007115071,1656.0820760725496,0.9905058577170132,6.593253515189619,10815.302789834395,0.1051,Low
P001,2026-02-16,7287,1035,399,0,1645.2,1641.569256960933,1655.3045415925292,0.9917022552627057,8.260234683041409,13559.747310963214,0.0511,Low
P001,2026-02-17,6722,1022,295,0,1478.2,1600.726901600859,1642.6816301662436,0.9744596046248264,7.717509096785293,12353.624424573567,0.0655,Low
P001,2026-02-18,10306,596,137,0,1465.6000000000001,1566.9451506921948,1630.0894179504367,0.9612633048374315,11.620134201771432,18208.112937858263,0.0877,Low
P001,2026-02-19,9916,1056,294,0,1813.6,1628.6088979406618,1643.1108709801372,0.9911740691347471,9.627940223764481,15680.149117263642,0.052,Low
P001,2026-02-20,9653,763,292,0,1638.8000000000002,1631.1566745376422,1642.8055904463934,0.9929091269803403,12.52910179497576,20436.928018836265,0.02,Low
P001,2026-02-21,9573,753,455,1,1788.8000000000002,1670.56751845779,1653.1252937426311,1.0105510542217642,12.242286688130589,20451.566492839152,0.6651,High
P001,2026-02-22,9844,610,334,0,1623.4,1658.775636026062,1651.027751303042,1.0046927585983807,12.302566018418243,20407.19677195434,0.0708,Low
P001,2026-02-23,7671,1203,384,0,1752.6,1682.2317312225907,1658.183678470612,1.0145026410036386,11.851234137137647,19936.52211964133,0.0219,Low
P001,2026-02-24,7902,1256,310,0,1728.2,1693.723799961371,1663.1091205616917,1.0184080941154714,14.003201758227943,23717.556093571584,0.0069,Low
P001,2026-02-25,10366,1536,244,0,2048.6000000000004,1782.4428589132963,1690.1898559571,1.0545814377510518,12.571074897958118,22407.222680729643,0.044,Low
P001,2026-02-26,8003,700,187,0,1337.3000000000002,1671.1571357723485,1665.4311447647872,1.0034381373202845,7.818926694325295,13066.655139302618,0.131,Low
P001,2026-02-27,9018,1069,296,0,1732.3000000000002,1686.4428526959023,1670.1170591615892,1.0097752330275318,7.954903275204428,13415.489772355731,0.0452,Low
P001,2026-02-28,10374,971,414,0,1936.9,1749.0571421844168,1688.791449305319,1.0356856866767243,7.694049643471156,13457.332481234691,0.5383,Medium
P001,2026-03-01,8736,1783,331,0,2096.1,1835.8178594052474,1717.2729938793366,1.0690308735175578,7.1626700094978295,13149.357524462468,0.0281,Low
P001,2026-03-02,7848,646,317,0,1424.8000000000002,1733.0633920961852,1696.8410937846054,1.021346894668446,5.885090415646764,10199.23475853353,0.1834,Low
P001,2026-03-03,8798,1181,316,0,1786.3000000000002,1746.372544310892,1703.0850329742912,1.0254171108572494,5.933362092329033,10361.86065349845,0.0811,Low
P001,2026-03-04,9024,713,117,0,1375.9,1653.754406987061,1680.267553521617,0.9842208722526382,5.57738852792981,9223.630857543,0.3526,Medium
P001,2026-03-05,8464,1224,290,0,1748.4,1677.4158054790555,1685.0153548382586,0.9954899168768514,6.50578404568785,10912.904985270274,0.0743,Low
P001,2026-03-06,7265,1019,307,0,1543.0,1643.8118538549763,1675.1261458850038,0.9813063022626595,6.153151571934673,10114.623492512597,0.1171,Low
P001,2026-03-07,7808,1013,274,0,1561.3000000000002,1623.1838902741479,1667.205187742607,0.9735957472253183,6.515368220510283,10575.640734736435,0.1671,Low
P001,2026-03-08,7419,1074,325,0,1603.9,1618.362917685088,1662.8026342755431,0.9732742025979777,10.636020552690164,17212.941254210215,0.044,Low
P001,2026-03-09,10758,1283,131,0,1848.3,1675.8471884473493,1675.6955614923365,1.0000904800117587,10.162122629814604,17030.164637831986,0.0353,Low
P001,2026-03-10,7727,1122,320,0,1653.7,1670.3103913222537,1674.1675917176042,0.9976960428624989,10.975687642182494,18332.805120644665,0.0253,Low
P001,2026-03-11,9906,2123,326,0,2378.1,1847.2577938094748,1723.043276249371,1.07209018400837,6.322562964837183,11679.403713646627,0.0101,Low
P001,2026-03-12,10837,1253,334,0,2044.2,1896.4933454234235,1745.33153875825,1.0866092157519989,6.105550750960754,11579.136369342057,0.0447,Low
P001,2026-03-13,8660,1195,191,0,1654.5,1835.9950090064517,1739.0305713464536,1.0557577472760271,6.170405451617062,11328.833612715125,0.1117,Low
P001,2026-03-14,8778,821,277,0,1565.3000000000002,1768.3212567035653,1726.9837835794751,1.0239362194814874,5.954527160597565,10529.5169517034,0.1469,Low
P001,2026-03-15,12605,407,337,0,1801.0,1776.4909425323165,1732.1142696453821,1.0256199394049332,6.301807567000048,11195.1040643572,0.1477,Low
P001,2026-03-16,6714,825,378,0,1461.9,1697.8432068657191,1713.3907343291985,0.9909258658511277,5.344345466599552,9073.860645609651,0.1039,Low
P001,2026-03-17,9230,644,197,0,1442.0,1633.8824051288452,1694.5918070442415,0.9641746104844956,4.771874736303702,7796.682171125467,0.2715,Low
P001,2026-03-18,10153,748,290,0,1679.3000000000002,1645.236803849356,1693.5328821937312,0.9714820488181871,7.850565817454638,12916.039813918074,0.0921,Low
P001,2026-03-19,9202,772,483,0,1789.2,1681.2276028934878,1700.1557550880837,0.9888668070401095,11.630974464619062,19554.315318466874,0.3511,Medium
P001,2026-03-20,10084,360,287,0,1475.4,1629.770702163177,1684.6003818267752,0.967452405965464,10.54863691315857,17191.85938882285,0.0618,Low
P001,2026-03-21,8141,1223,189,0,1614.6,1625.978026621999,1679.7568316068093,0.9679841667241749,10.581008150814268,17204.48675273227,0.0554,Low
P001,2026-03-22,8961,1119,355,0,1810.6,1672.1335199700002,1688.8082279314735,0.9901263402280076,10.739634144059236,17958.10224449577,0.0319,Low
P001,2026-03-23,7333,867,221,0,1387.8000000000002,1601.0501399734562,1667.9896593188716,0.9598681391277739,9.451564739234394,15132.42904871941,0.0548,Low
P001,2026-03-24,8153,1497,309,0,1872.8000000000002,1668.987604982991,1682.1521198789644,0.9921739986163316,9.252018097976284,15441.503526600725,0.0161,Low
P001,2026-03-25,7242,1242,481,0,1826.2,1708.290703738501,1692.1110792895324,1.0095617921018187,8.94145732740824,15274.608430286,0.4859,Medium
P001,2026-03-26,10682,511,220,0,1543.7,1667.1430278028881,1681.8522173676633,0.9912541664925002,8.74191742780256,14574.026689389597,0.0792,Low
P001,2026-03-27,11034,755,313,0,1793.9,1698.8322708527362,1689.5962473978607,1.005466402647636,9.407406424051263,15981.605618205627,0.048,Low
P001,2026-03-28,10295,689,263,0,1637.0,1683.3742031393435,1685.961667689419,0.9984652827022608,9.39588831712022,15816.796008618516,0.0611,Low
P001,2026-03-29,4271,660,243,0,1000.1,1512.5556523527782,1638.5728263686021,0.9230933277918224,4.907848926482768,7423.394634645026,0.189,Low
P001,2026-03-30,7262,1457,126,0,1580.7,1529.591739264713,1634.5746816530218,0.9357735361226344,5.158441840458477,7890.310026642748,0.0337,Low
P001,2026-03-31,8473,1006,413,0,1763.3000000000002,1588.0188044488675,1643.4666088865722,0.9662616728563249,5.615734322547704,8917.891704994676,0.2762,Low
P002,2026-01-01,8414,709,98,0,1293.9,0.0,0.0,0.0,0.0,0.0,0.0091,Low
P002,2026-01-02,7362,766,136,0,1255.2,0.0,0.0,0.0,0.0,0.0,0.0,Low
P002,2026-01-03,6774,591,208,0,1180.9,1232.4837837837838,0.0,0.0,21.461734162916652,26451.239327673215,0.0,Low
P002,2026-01-04,7662,1182,72,0,1429.2,1304.4257142857143,0.0,0.0,12.531447660873075,16346.342566068406,0.0,Low
P002,2026-01-05,9869,121,181,0,1228.4,1279.5056338028169,0.0,0.0,13.577707691920196,17372.75348593973,0.0,Low
P002,2026-01-06,7552,790,134,0,1284.2,1280.9333234333235,0.0,0.0,15.189328607647807,19456.51717411516,0.0097,Low
P002,2026-01-07,6357,558,137,0,1051.7,1214.7968373600056,0.0,0.0,10.54019881266771,12804.200182774419,0.015,Low
P002,2026-01-08,7944,813,127,0,1327.9,1246.2183247138619,0.0,0.0,10.536609367915837,13130.915674648457,0.015,Low
P002,2026-01-09,8019,798,277,0,1477.9,1308.8407269622744,0.0,0.0,8.951127143455137,11715.599757571568,0.0052,Low
P002,2026-01-10,7614,457,140,0,1129.9,1261.4360195325644,0.0,0.0,8.231180977934573,10383.108168857949,0.0287,Low
P002,2026-01-11,7790,889,194,0,1417.5,1302.172526565429,0.0,0.0,8.603803820909977,11203.636959547637,0.0052,Low
P002,2026-01-12,6845,1089,137,0,1366.0,1318.6513850462657,0.0,0.0,8.597738162912389,11337.419336789557,0.0052,Low
P002,2026-01-13,7490,646,174,0,1246.0,1300.046538534094,0.0,0.0,8.417951185713267,10943.728300535506,0.0148,Low
P002,2026-01-14,8317,954,278,0,1586.7,1373.0099623937929,1321.127641330058,1.03927123242898,9.137756602722343,12546.230849467436,0.0316,Low
P002,2026-01-15,8627,712,264,0,1482.7,1400.8038949290992,1338.0715129308958,1.0468826747473075,9.021708147808537,12637.643912363788,0.0625,Low
P002,2026-01-16,6204,803,183,0,1204.9,1351.3320852469828,1324.5900263683225,1.0201889249838991,8.308367744308068,11227.363908914593,0.0329,Low
P002,2026-01-17,6815,885,114,0,1238.0,1322.7844730525846,1316.0981893827807,1.005080375972659,9.289522003334639,12288.0354680914,0.0126,Low
P002,2026-01-18,9808,404,75,0,1257.8000000000002,1306.4462445936163,1310.5426068727586,0.9968742929635381,9.010030617966947,11771.120664516418,0.0405,Low
P002,2026-01-19,8406,944,259,0,1571.6,1373.0161598586285,1334.782087881307,1.028644422215439,8.087092838986235,11103.709154205095,0.0239,Low
P002,2026-01-20,7612,702,106,0,1218.2,1334.1889907116174,1324.2098312441306,1.0075359275823772,7.6925354876568015,10263.296158290128,0.054,Low
P002,2026-01-21,6783,503,294,0,1223.8000000000002,1306.525949007624,1315.2977242063903,0.9933309508785408,8.77646611095483,11466.68071454851,0.0405,Low
P002,2026-01-22,6449,459,164,0,1038.4,1239.3746768655064,1291.1980024526408,0.9598641454778144,7.783256640756358,9646.371184098718,0.0319,Low
P002,2026-01-23,7289,537,114,0,1111.4,1207.3381474168473,1275.827070656754,0.9463180126223291,7.212310779481125,8707.6979350933,0.0313,Low
P002,2026-01-24,7035,780,145,0,1238.5,1215.1364352966739,1272.6878532230048,0.9547796206835937,7.25887004195954,8820.517467068532,0.0101,Low
P002,2026-01-25,5963,776,51,0,1035.3000000000002,1170.1434673087826,1253.0211176920707,0.9338577310855567,6.387468190875863,7474.254176196039,0.0077,Low
P002,2026-01-26,4558,491,175,0,876.3,1096.6411151959053,1222.238410975919,0.8972399299314057,8.235826859502126,9031.746351764801,0.0281,Low
P002,2026-01-27,7136,1149,282,0,1570.1,1215.0559620760118,1250.305184549487,0.9718074973797288,5.512541965032294,6698.046980806703,0.0223,Low
P002,2026-01-28,6429,700,96,0,1088.9,1183.5069554013562,1237.4332470200827,0.956420840224879,5.39374688615762,6383.53695544195,0.0143,Low
P002,2026-01-29,6642,620,228,0,1202.2,1188.1813295636948,1234.6534001035461,0.9623602217759607,5.5043697828240346,6540.1894069660875,0.0308,Low
P002,2026-01-30,5428,862,349,0,1322.8000000000002,1221.8420083671483,1241.5396259570475,0.9841345157098306,5.490186015151816,6708.1399070623265,0.024,Low
P002,2026-01-31,6506,827,265,0,1329.1,1248.6600981982635,1248.3179856348395,1.0002740508144723,5.467949064108335,6827.609815332617,0.0183,Low
P002,2026-02-01,6067,773,197,0,1190.2,1234.0436053865392,1243.856556176303,0.9921108582318864,5.698907280642915,7032.700087368181,0.0183,Low
P002,2026-02-02,6816,474,199,0,1117.6,1204.9305106791667,1234.2394752994521,0.9762534135640828,7.318387150748177,8818.147966898852,0.0527,Low
P002,2026-02-03,7416,1142,292,0,1604.6,1304.8535291085175,1262.2483695261787,1.033753380296144,7.429975451227772,9695.029688724208,0.0241,Low
P002,2026-02-04,9899,476,283,0,1510.9,1356.3673299021489,1280.928484850127,1.0588938690608554,7.64183033037669,10365.129000778288,0.0464,Low
P002,2026-02-05,6944,1363,115,0,1490.9,1390.0015664496295,1296.6061548482708,1.0720306629209093,7.824330628194077,10875.83182960958,0.0338,Low
P002,2026-02-06,5410,526,20,0,824.0,1248.497801694322,1261.5186907646355,0.9896783939370688,4.577734621548677,5715.2916117435125,0.0071,Low
P002,2026-02-07,5881,478,211,0,1038.1,1195.8974108613015,1245.0185986027293,0.9605458124063254,4.145914475573285,4958.088386990482,0.0,Low
P002,2026-02-08,7182,1269,291,0,1643.7,1307.849559287729,1274.3191302646944,1.0263124188938024,4.07556023003923,5330.219650707402,0.0,Low
P002,2026-02-09,5804,437,245,0,1043.9,1241.8615058513178,1257.4611331607316,0.9875943384857183,3.7668569477613154,4677.914641473366,0.0071,Low
P002,2026-02-10,4689,1256,314,0,1410.9,1284.1214481315196,1268.6401598256996,1.012203049118291,4.1684340509128495,5352.775569898945,0.0,Low
P002,2026-02-11,5966,192,332,0,1024.6,1219.2407190794402,1250.9291495585344,0.9746680775350401,4.034862109712709,4919.46818003251,0.0071,Low
P002,2026-02-12,6497,1078,37,0,1225.7,1220.855546160681,1249.104748769061,0.9773844328027231,4.411031530298845,5385.23230805498,0.0057,Low
P002,2026-02-13,5770,708,201,0,1132.0,1198.6415889364453,1240.6647828948715,0.9661284787002197,5.1426213348273535,6164.159808075922,0.0271,Low
P002,2026-02-14,5994,893,89,0,1134.9,1182.7061536728195,1233.0657161851354,0.9591590525607109,5.294902289194959,6262.313520527177,0.0052,Low
P002,2026-02-15,6456,742,248,0,1264.6,1203.1796518992303,1235.3249010999025,0.9739782959836446,8.906634965056808,10716.281956850564,0.0552,Low
P002,2026-02-16,7737,369,43,0,1001.2,1152.6846711403607,1218.5964586572159,0.9459117113727696,8.070640548296236,9302.903646304907,0.0235,Low
P002,2026-02-17,8586,806,121,0,1382.6,1210.1635612246755,1230.2856121783611,0.9836443988363798,8.959015064237187,10841.87357520279,0.0184,Low
P002,2026-02-18,8996,741,314,0,1584.1,1303.6477415079944,1255.4452284088713,1.0383947476356787,6.823695750685887,8895.695554119355,0.0524,Low
P002,2026-02-19,6771,1324,372,0,1711.1,1405.510863818288,1287.777354108469,1.0914237996342842,5.438009501555467,7643.181431983282,0.0116,Low
P002,2026-02-20,6296,998,261,0,1389.6,1401.5331461742155,1294.9880713459331,1.0822749385597015,5.698020719028595,7985.964905306013,0.0116,Low
P002,2026-02-21,8722,417,265,0,1345.7,1387.5748551841652,1298.5726747488313,1.0685384587868092,6.111270915525453,8479.845855601432,0.075,Low
P002,2026-02-22,8257,179,78,0,993.2,1288.981117832409,1277.02428734777,1.00936303288001,4.77862162662912,6159.553045990528,0.0071,Low
P002,2026-02-23,3610,625,268,0,941.5,1202.1108228082173,1253.3860653529528,0.9590906157703274,4.247750996876361,5106.2674459394675,0.0,Low
P002,2026-02-24,8923,728,359,0,1615.3000000000002,1305.4081309883693,1278.8456451783586,1.0207706658754736,4.315890528855453,5633.9985888236015,0.0071,Low
P002,2026-02-25,4599,195,191,0,748.4000000000001,1166.156084205633,1241.5818370704924,0.9392502692892731,3.2190577008402097,3753.923723243807,0.0,Low
P002,2026-02-26,7245,696,20,0,1092.5,1147.7420617622201,1231.122272745423,0.9322729982619894,3.8116153148263536,4374.7512200832525,0.0091,Low
P002,2026-02-27,6536,315,263,0,1074.1,1129.3315452778602,1220.118750614108,0.925591493003064,3.9720320747014655,4485.741120815831,0.0,Low
P002,2026-02-28,7219,424,145,0,1078.9,1116.7236584222815,1210.2336581254722,0.9227339214186396,4.203954560796093,4694.655516973248,0.0,Low
P002,2026-03-01,5080,687,292,0,1143.5,1123.4177440301958,1205.5672261165043,0.9318582243899255,4.259637120362119,4785.351924144491,0.0091,Low
P002,2026-03-02,5191,857,143,0,1090.6,1115.2133078264073,1197.5357191830817,0.931256814013531,4.377730034462366,4882.102792503787,0.0,Low
P002,2026-03-03,5480,674,93,0,978.0,1080.9099802544379,1182.2128437027734,0.9143108001820079,8.101870163222197,8757.392318152524,0.0313,Low
P002,2026-03-04,5839,347,393,0,1150.4,1098.2824854245623,1179.9942553372834,0.9307523923522077,19.330735193819443,21230.607893752076,0.0098,Low
P002,2026-03-05,6722,496,218,0,1138.2,1108.2618641691206,1177.0818276941434,0.941533399529944,18.43955881429098,20435.85982598226,0.0,Low
P002,2026-03-06,6501,640,258,0,1228.1,1138.2213983535746,1180.6344672444257,0.964076028857092,14.681779043417333,16711.11507311668,0.0199,Low
P002,2026-03-07,7806,547,139,0,1193.1,1151.941048843054,1181.501921399285,0.9749802503316932,14.305134753653318,16478.671931964625,0.0348,Low
P002,2026-03-08,6257,100,45,0,720.7,1044.1307861733412,1149.4554940996036,0.9083699042280321,5.992581628120423,6257.038966577298,0.0052,Low
P002,2026-03-09,8720,1200,171,0,1643.0,1193.848090108017,1183.7591262184242,1.0085228097346075,4.288300648618914,5119.579539162661,0.0,Low
P002,2026-03-10,7534,800,504,0,1657.4,1309.7360678585142,1216.6616251825105,1.0764998500688663,4.05266841342468,5307.925992133243,0.0392,Low
P002,2026-03-11,8349,668,101,0,1269.9,1299.7770508760002,1220.358090897042,1.0650783978248517,4.057332592086338,5273.627790965058,0.0162,Low
P002,2026-03-12,4260,767,121,0,930.5,1207.4577880326513,1200.2419521321813,1.0060119760249437,3.522189137535815,4252.894705041627,0.0,Low
P002,2026-03-13,4536,512,88,0,797.6,1104.993340920978,1172.3107527526433,0.9425771527733817,2.9024493747204727,3207.1872314263787,0.0,Low
P002,2026-03-14,9200,971,195,0,1600.5,1228.8700057845895,1202.002159082071,1.0223525692329127,2.9686178881293372,3648.0454813577344,0.0,Low
P002,2026-03-15,8889,729,110,0,1363.4,1262.5025043575533,1213.1895638690482,1.0406473411498571,3.629983076428284,4582.862724766244,0.0071,Low
P002,2026-03-16,8954,868,92,0,1421.4,1302.226878285095,1227.6167643985098,1.0607763802536354,4.031152698792939,5249.475394839664,0.0,Low
P002,2026-03-17,6384,443,58,0,917.9000000000001,1206.1451586831101,1206.163036631234,0.9999851695438906,3.9702696337536265,4788.721497418502,0.0071,Low
P002,2026-03-18,8059,1279,56,0,1501.4,1279.9588690300277,1226.607563324245,1.043494999432618,3.923410833573511,5021.80449328091,0.0,Low
P002,2026-03-19,7514,511,147,0,1153.9,1248.4441517668547,1221.5741415864888,1.0219962088633499,4.114225604777373,5136.380895333763,0.0071,Low
P002,2026-03-20,5781,447,201,0,1002.6,1186.9831138168531,1206.4189145017917,0.9838896669388995,4.581979011798707,5438.731714868297,0.0071,Low
P002,2026-03-21,5423,787,191,0,1126.8000000000002,1171.9373353611184,1200.909827254198,0.975874540290782,5.316937727300694,6231.117832413775,0.0166,Low
P002,2026-03-22,6311,434,138,0,986.1,1125.4780015173149,1186.0498318506352,0.948929768213781,5.036332027836892,5668.2809056675105,0.0052,Low
P002,2026-03-23,7802,856,98,0,1306.2,1170.6585011405564,1194.3597526013818,0.9801556765365214,5.729756859239495,6707.588576737129,0.0191,Low
P002,2026-03-24,6818,932,29,0,1176.8000000000002,1172.193875855483,1193.1455106698709,0.9824399920618023,6.556031730270672,7684.940244137508,0.0184,Low
P002,2026-03-25,7484,507,253,0,1254.9,1192.8704068922739,1197.4149969833268,0.9962046574791958,10.0219006152972,11954.828664803501,0.0405,Low
P002,2026-03-26,5524,165,33,0,667.9,1061.6278051660556,1160.8124652477188,0.9145558199996972,4.934358990108071,5238.452704569826,0.0052,Low
P002,2026-03-27,6741,784,106,0,1172.1,1089.2458538750386,1161.59258785287,0.9377176265486197,5.060343596065735,5511.958281197705,0.0052,Low
P002,2026-03-28,7627,208,190,0,1056.7,1081.1093904061693,1154.3441530264824,0.9365572461264023,5.020103053838242,5427.280552311211,0.0052,Low
P002,2026-03-29,4853,511,201,0,941.8,1046.2820428042744,1139.658653579675,0.9180661510683348,4.767009209035885,4987.6361332968545,0.0,Low
P002,2026-03-30,5379,591,297,0,1130.4,1067.3115321033654,1139.0190194161871,0.937044513339188,5.372249263639262,5733.863592415997,0.0052,Low
P002,2026-03-31,5804,957,83,0,1141.9,1085.9586490776303,1139.2180282051456,0.9532491697450417,5.552378716235375,6029.6536898503555,0.0052,Low
P003,2026-01-01,11338,230,190,0,1438.8,0.0,0.0,0.0,0.0,0.0,0.0,Low
P003,2026-01-02,10041,911,307,0,1766.6,0.0,0.0,0.0,0.0,0.0,0.0,Low
P003,2026-01-03,8270,998,254,0,1580.0,1606.172972972973,0.0,0.0,9.768532249155065,15689.952484207754,0.0546,Low
P003,2026-01-04,10927,1048,304,0,1920.7,1721.2,0.0,0.0,8.157278785122262,14040.308244952437,0.0574,Low
P003,2026-01-05,8558,825,227,0,1495.3000000000002,1647.1533930857875,0.0,0.0,8.239908457422608,13572.393174359926,0.0485,Low
P003,2026-01-06,9767,845,299,0,1698.2,1662.6781110781112,0.0,0.0,9.219055434526991,15328.321675803734,0.0485,Low
P003,2026-01-07,12289,1233,237,0,2082.4,1783.7727688948369,0.0,0.0,7.688675294551957,13714.84961929627,0.0568,Low
P003,2026-01-08,10977,849,66,0,1588.2,1729.4401831284442,0.0,0.0,8.299523315232188,14353.529122173948,0.0899,Low
P003,2026-01-09,7663,410,235,0,1206.3000000000002,1588.0379986884489,0.0,0.0,5.545506134952011,8806.474464263707,0.0925,Low
P003,2026-01-10,9203,1474,303,0,1960.3000000000002,1686.6570864665644,0.0,0.0,5.518609179617083,9308.001280240585,0.0388,Low
P003,2026-01-11,8847,1220,49,0,1543.7,1649.341798590396,0.0,0.0,5.594929520285704,9227.951117974524,0.0684,Low
P003,2026-01-12,9529,1203,122,0,1676.4,1656.327634748111,0.0,0.0,5.782784846453187,9578.186346983026,0.0735,Low
P003,2026-01-13,10891,1073,228,0,1853.6000000000001,1706.8459018708531,0.0,0.0,5.804638889472595,9907.62410033648,0.0691,Low
P003,2026-01-14,10125,1653,288,0,2127.0,1813.7899498911231,1732.99453242746,1.046621847608643,5.966588464053602,10822.138191236736,0.045,Low
P003,2026-01-15,9548,834,185,0,1556.8000000000002,1748.6722647721838,1714.5172535240858,1.019921059982735,5.7094768673473135,9984.00384428862,0.1717,Low
P003,2026-01-16,10421,715,277,0,1676.6000000000001,1730.4717825027576,1710.6787378188546,1.0115702815091023,7.94273983336019,13744.687157390465,0.0863,Low
P003,2026-01-17,8459,1115,303,0,1706.4,1724.4082576834708,1710.2591243184843,1.0082730874410004,8.555627525954916,14753.39475542066,0.0391,Low
P003,2026-01-18,10732,819,243,0,1725.7,1724.7330242020896,1711.730577545143,1.0075960765973073,9.382854035593782,16182.918216456444,0.0596,Low
P003,2026-01-19,7707,838,308,0,1497.7,1667.7337591517833,1691.8575907758104,0.9857412103637061,8.009819313996024,13358.246074657147,0.0771,Low
P003,2026-01-20,10311,695,357,0,1735.6000000000001,1684.7542950906138,1695.8243749074975,0.9934721484633637,8.354162913151576,14074.711849818832,0.0692,Low
P003,2026-01-21,11209,1096,458,0,2126.9,1795.5542489202737,1734.085490025244,1.035447357638441,8.90507745874838,15989.549668019807,0.6263,Medium
P003,2026-01-22,8015,598,92,0,1192.5,1644.5212730535698,1686.9487370855636,0.9748495773180464,5.8441133175313675,9610.768672816006,0.3734,Medium
P003,2026-01-23,11420,1168,264,0,1990.0,1731.006659700307,1712.8565905064722,1.010596368188947,5.6359636009892045,9755.890527140837,0.0829,Low
P003,2026-01-24,9595,634,514,0,1790.5,1745.8949335393381,1719.3864236921281,1.0154174182881546,5.657803203538633,9877.929948020737,0.5128,Medium
P003,2026-01-25,9369,1004,342,0,1780.9,1754.6527908227097,1724.482603721493,1.017495205148,5.671595786099663,9951.681374498094,0.0715,Low
P003,2026-01-26,9897,1039,191,0,1700.2,1741.0319053858598,1722.4984190459893,1.0107596477461727,5.942003605489525,10345.217859075075,0.0959,Low
P003,2026-01-27,9883,1536,404,0,2160.3,1845.8933174723397,1757.8218874325366,1.0501025844361365,5.610821672137447,10356.978230127492,0.0504,Low
P003,2026-01-28,11565,818,171,1,1736.5,1818.5363028191748,1756.1214835464616,1.0355412820252359,6.058673170845681,11017.917108099433,0.6636,High
P003,2026-01-29,8987,988,379,0,1771.7,1806.8244384087461,1757.3506036131673,1.028152506626927,10.875878065786605,19650.802278416882,0.0916,Low
P003,2026-01-30,6637,1430,254,0,1632.7,1763.2855535414963,1747.6125965855124,1.0089682043359745,10.385814623915486,18313.156888110185,0.014,Low
P003,2026-01-31,8535,668,104,1,1291.5,1645.3233657055737,1712.303299805766,0.9608831310921252,6.43716571763821,10591.219164149035,0.5658,Medium
P003,2026-02-01,10410,994,141,0,1679.0,1653.7433700890451,1709.7467706832074,0.9672446170234732,6.491066125144964,10734.557569268072,0.1622,Low
P003,2026-02-02,7233,871,437,0,1595.8000000000002,1639.256436131041,1701.067337768958,0.9636634541724728,6.34169397614951,10395.662666376536,0.521,Medium
P003,2026-02-03,8786,521,245,0,1384.1,1575.4637225235667,1677.0963580213834,0.9393996389022525,8.727065399036624,13749.174940272856,0.0269,Low
P003,2026-02-04,8766,162,264,0,1221.6,1486.9940426921057,1642.876898123759,0.9051159191167409,7.059259055753243,10497.076161725372,0.0563,Low
P003,2026-02-05,8829,1180,455,0,1927.9,1597.2240355444064,1664.1583473235396,0.9597788747179185,6.4440437550077965,10292.581571598283,0.5,Medium
P003,2026-02-06,10865,891,159,0,1691.0,1620.6685855255369,1666.1511388150789,0.9727020184681996,6.413602130366723,10394.323492745007,0.1964,Low
P003,2026-02-07,13036,989,271,0,2069.1000000000004,1732.7784434860798,1695.91003375503,1.0217395963110265,5.928789908953827,10273.27935019299,0.0868,Low
P003,2026-02-08,9139,1031,255,0,1684.4,1720.6836704384066,1695.0641199318934,1.0151142013178833,5.885629297839096,10127.306223045598,0.0801,Low
P003,2026-02-09,8315,807,267,0,1502.0,1666.0122030205368,1680.9391018791293,0.9911198991366763,5.599326782410862,9328.546748196215,0.1989,Low
P003,2026-02-10,8360,758,281,1,1496.0,1623.5088316863225,1667.465076725726,0.9736388753267889,5.712472983870951,9274.250340084009,0.5548,Medium
P003,2026-02-11,8793,1423,20,0,1610.8000000000002,1620.331605791718,1663.352656227412,0.9741359356261662,7.550290861573993,12233.974915928722,0.0767,Low
P003,2026-02-12,10813,1345,63,0,1816.8,1669.448912729949,1674.4489262174795,0.9970139289533514,8.367309053940168,13968.795002575871,0.0581,Low
P003,2026-02-13,8661,860,129,0,1425.1,1608.3614901693356,1656.4778665451547,0.9709525934169593,7.1693411086781555,11530.892149085876,0.1927,Low
P003,2026-02-14,8009,638,445,0,1564.9,1597.4960916970022,1649.8981119428724,0.968239232744769,12.072733388628663,19286.144404434195,0.41,Medium
P003,2026-02-15,10579,1353,342,0,2076.4,1717.2222830654055,1680.4536380260192,1.0218801840101792,7.504856216412035,12887.506326024675,0.018,Low
P003,2026-02-16,7482,814,319,0,1474.2,1656.466630741148,1665.7166233124894,0.9944468330408957,7.144103978805134,11833.96984743577,0.0666,Low
P003,2026-02-17,7342,1185,246,0,1572.7,1635.5249519719032,1659.0869762876994,0.9857981923126782,7.243800764254456,11847.416897051306,0.0597,Low
P003,2026-02-18,8613,1185,314,0,1767.8000000000002,1668.593738949021,1666.8175210309466,1.0010656282916437,7.281252603195553,12149.45250539836,0.054,Low
P003,2026-02-19,8634,1319,162,0,1684.9,1672.6703065204142,1668.1006086214622,1.0027394557905795,7.587670027228929,12691.670350220771,0.0562,Low
P003,2026-02-20,10099,1149,239,0,1823.4,1710.352745895597,1679.0983585677154,1.0186137857751252,8.436861105739023,14430.008558940503,0.0589,Low
P003,2026-02-21,9665,596,362,0,1626.5,1689.3895527437483,1675.3804117233972,1.008361761208801,8.590273589165792,14512.318456747229,0.0588,Low
P003,2026-02-22,8898,815,375,0,1672.3000000000002,1685.1171635370652,1675.1630448446313,1.0059421730103504,14.383247970269144,24237.45802211019,0.0197,Low
P003,2026-02-23,8119,549,114,0,1200.4,1563.9378509389553,1641.7152299705308,0.9526243119769227,7.684815070830608,12018.573166738117,0.0704,Low
P003,2026-02-24,10085,587,445,0,1747.0,1609.7033943546837,1649.1217035830457,0.9760973863216452,7.767926880276973,12504.058266280832,0.6024,Medium
P003,2026-02-25,6053,1480,291,0,1636.3000000000002,1616.3525464362015,1648.2209788692553,0.9806649456303085,8.07417453570472,13050.71257115666,0.0321,Low
P003,2026-02-26,9030,808,310,0,1617.0,1616.5144098393873,1646.0305186281448,0.9820683041563286,8.140865820577782,13159.826907532932,0.0793,Low
P003,2026-02-27,9119,1303,281,0,1844.4,1673.4858106095974,1659.931495478681,1.0081655809810102,8.271508395111933,13842.251931557983,0.0184,Low
P003,2026-02-28,9401,862,264,0,1635.1,1663.889357549137,1658.1933294888922,1.0034350747434557,8.221304760407122,13679.341496009469,0.0739,Low
P003,2026-03-01,9637,458,135,0,1327.7,1579.8420154814517,1635.0831824536797,0.9662150664705136,6.919922077672026,10932.383642163968,0.1637,Low
P003,2026-03-02,10290,1023,251,0,1791.5,1632.7565128767333,1646.0103205352239,0.9919479134409923,9.636300830029457,15733.732940270067,0.0448,Low
P003,2026-03-03,9203,1076,216,0,1674.3000000000002,1643.1423848438621,1647.9848476756345,0.9970615792922987,9.94779114147281,16345.63726012828,0.0509,Low
P003,2026-03-04,8008,1030,172,0,1487.8000000000002,1604.3067881103927,1636.8137545567272,0.9801400885365001,9.120063459856498,14631.379716645333,0.0797,Low
P003,2026-03-05,9788,461,373,0,1582.3000000000002,1598.8050910272786,1633.0149701443456,0.9790510867732254,9.049513673223542,14468.408532070767,0.0822,Low
P003,2026-03-06,9884,1048,368,0,1880.4,1669.2038188032377,1650.2415739502233,1.0114905811594106,9.041102691295624,15091.443138502886,0.054,Low
P003,2026-03-07,11674,1276,86,0,1891.4,1724.7528644177255,1667.0233579909163,1.0346302862547059,8.196114367487565,14136.271732419453,0.117,Low
P003,2026-03-08,7256,784,272,0,1389.6,1640.964647956607,1647.729976040397,0.9958941464068105,8.425891382128325,13826.589885594816,0.0804,Low
P003,2026-03-09,9952,754,289,0,1661.2,1646.0234859836069,1648.666205176813,0.9983970501919197,8.783048860093055,14457.104702254715,0.112,Low
P003,2026-03-10,8042,788,129,0,1327.2,1566.317614296844,1626.3348523136806,0.9630966233291871,7.018635712358567,10993.412744600102,0.1282,Low
P003,2026-03-11,7791,566,172,0,1234.1,1483.2632105734733,1599.1010629917419,0.9275606374264082,5.657912564105447,8392.17355497904,0.1198,Low
P003,2026-03-12,10756,687,533,1,1952.1000000000001,1600.4724080879791,1623.599173700781,0.9857558590537799,5.329056529189649,8529.007936109125,0.7678,High
P003,2026-03-13,9915,1027,184,0,1689.0,1622.6043060883421,1628.136017189833,0.9966024207995455,5.7809781417521915,9380.240026209689,0.1481,Low
P003,2026-03-14,10226,799,282,0,1704.1,1642.978229581693,1633.403495283965,1.0058618242625013,6.439061238475429,10579.237433758464,0.1682,Low
P003,2026-03-15,13016,943,385,0,2158.1000000000004,1771.7586722594483,1669.7732023084554,1.0610774320723462,5.481876610390113,9712.562424714912,0.0643,Low
P003,2026-03-16,8121,961,447,0,1739.6,1763.71900419116,1674.6116015325579,1.0532107815597036,5.44361352683213,9601.004628745892,0.5097,Medium
P003,2026-03-17,8235,1515,341,0,1922.0,1803.289253156018,1691.747914330511,1.065932593870123,6.210297853959079,11198.96337894229,0.0298,Low
P003,2026-03-18,8332,1161,367,0,1780.7,1797.6419398656597,1697.907655540142,1.0587395159051773,10.534050795154707,18936.4515060453,0.0758,Low
P003,2026-03-19,10108,500,197,0,1457.8000000000002,1712.6814548839693,1681.2854083138427,1.018673829100126,7.891617858612877,13515.827555477417,0.1113,Low
P003,2026-03-20,8804,949,332,0,1686.9,1706.2360911621076,1681.673994890208,1.0146057358325542,7.856628181832623,13405.262558684151,0.0452,Low
P003,2026-03-21,9442,571,308,0,1537.7,1664.1020683673196,1671.711973878016,0.9954478309756188,7.080106687296623,11782.020182591601,0.0742,Low
P003,2026-03-22,10091,1139,378,0,1956.6,1737.226551281036,1691.4198001577372,1.0270818284427135,9.428685975726477,16379.763620723179,0.0357,Low
P003,2026-03-23,10426,1109,263,0,1860.1000000000001,1767.9449134625247,1703.0861932597988,1.0380830459894412,9.244692327128682,16344.106776273184,0.0715,Low
P003,2026-03-24,6684,1100,291,0,1509.4,1703.3086850941359,1689.6929580161393,1.0080581012856926,8.941358123444095,15229.892948199331,0.0391,Low
P003,2026-03-25,9583,588,162,0,1414.3000000000002,1631.05651381829,1670.6532658767303,0.9762986356114732,7.804324773471046,12729.294757723399,0.1631,Low
P003,2026-03-26,10755,960,338,0,1893.5,1696.667385365292,1686.0574653883457,1.0062927332738183,7.952096179316976,13492.062232735061,0.0452,Low
P003,2026-03-27,9218,980,364,0,1775.8000000000002,1716.450539024325,1692.2598985529453,1.0142948670881562,7.965036873014138,13671.591834033741,0.0452,Low
P003,2026-03-28,8401,1000,224,0,1564.1,1678.3629042677298,1683.4036133660404,0.9970056384408682,7.9073831803440315,13271.458599720007,0.0493,Low
P003,2026-03-29,8524,879,292,0,1583.9,1654.7471782005582,1676.5285229990038,0.9870080619746551,8.931372279663789,14779.16307723234,0.0539,Low
P003,2026-03-30,8457,1348,180,0,1699.7,1665.985383650504,1678.1293246901753,0.9927633998234627,10.109197008201178,16841.774456106567,0.0165,Low
P003,2026-03-31,8895,840,415,0,1724.5,1680.6140377379613,1681.332460451814,0.9995727003870569,10.670415933416209,17932.850806202092,0.3853,Medium
P004,2026-01-01,10298,481,284,0,1554.3,0.0,0.0,0.0,0.0,0.0,0.0,Low
P004,2026-01-02,10085,951,364,0,1848.0,0.0,0.0,0.0,0.0,0.0,0.0,Low
P004,2026-01-03,7975,1349,487,0,1959.0,1824.5594594594593,0.0,0.0,8.725343097863584,15919.907286236305,0.5576,Medium
P004,2026-01-04,8206,793,403,0,1620.1,1749.7857142857142,0.0,0.0,9.206380292682143,16109.192716416746,0.0574,Low
P004,2026-01-05,11120,770,215,0,1712.0,1737.4001280409732,0.0,0.0,10.512297775490586,18264.06750114218,0.0787,Low
P004,2026-01-06,8328,523,166,0,1260.3000000000002,1592.3004752004751,0.0,0.0,6.500897033711514,10351.381436008203,0.1121,Low
P004,2026-01-07,7244,696,254,0,1326.4,1515.5850883989576,0.0,0.0,5.908680057672842,8955.107387529251,0.0767,Low
P004,2026-01-08,9102,1392,158,0,1764.2,1584.6534514624843,0.0,0.0,6.072899829384882,9623.441675020686,0.0211,Low
P004,2026-01-09,10227,862,252,0,1705.7,1617.3717302988935,0.0,0.0,6.538730365030777,10575.557644447743,0.0733,Low
P004,2026-01-10,9763,590,296,0,1567.3000000000002,1604.1068030483252,0.0,0.0,8.124457821277414,13032.498062190274,0.0505,Low
P004,2026-01-11,9000,1074,286,0,1723.0,1635.1408285760303,0.0,0.0,7.94273625956109,12987.4923486196,0.0485,Low
P004,2026-01-12,12434,735,204,0,1814.9,1681.5507174080644,0.0,0.0,7.641320174965869,12849.267422158573,0.0589,Low
P004,2026-01-13,7816,760,194,0,1355.6,1598.0800022379763,0.0,0.0,8.081200698497948,12914.405230341137,0.0431,Low
P004,2026-01-14,10534,1353,200,0,1929.9,1682.5399038139926,1655.187942309185,1.0165249822333762,9.064227212543093,15250.92398234043,0.0343,Low
P004,2026-01-15,7502,1068,202,0,1486.2,1632.7900982738965,1637.466408625161,0.9971441732800904,8.265185311995495,13495.31273782509,0.0678,Low
P004,2026-01-16,9700,987,106,0,1569.5,1616.8073854355334,1630.5858963863166,0.9915499570449993,8.149614775475621,13176.35735744353,0.0939,Low
P004,2026-01-17,11072,1465,196,0,2035.7,1722.323699598668,1670.3152171027473,1.0311369205357317,7.025502006982327,12100.188608203669,0.0478,Low
P004,2026-01-18,8169,1012,291,0,1613.9,1695.0640929388403,1664.9390742627488,1.018093760282786,6.8608138170528274,11629.519149624914,0.0577,Low
P004,2026-01-19,9738,1530,240,0,1978.8000000000002,1766.2992721719384,1694.08142437051,1.0426294960420621,6.587557290491331,11635.597647585784,0.0361,Low
P004,2026-01-20,7553,513,184,0,1195.8000000000002,1623.2207217215603,1648.8947306706489,0.9844295585910801,5.282726697493181,8575.031442562635,0.2601,Low
P004,2026-01-21,8701,1465,206,0,1808.6,1669.6760310147633,1663.0697415945667,1.0039723405550864,5.670521759916309,9467.934265879914,0.0692,Low
P004,2026-01-22,9086,922,376,0,1745.6,1688.6909421873197,1670.252741272648,1.0110391621271826,5.954130747888782,10054.686662558797,0.1061,Low
P004,2026-01-23,12541,767,208,0,1845.6000000000001,1727.9707573390328,1685.2431789734437,1.0253539481097778,6.160001118619369,10644.30179815,0.2263,Low
P004,2026-01-24,10317,1131,442,0,2039.2,1805.8562175957445,1715.0110499531584,1.0529705957960804,6.423814384585469,11600.485147084652,0.6472,Medium
P004,2026-01-25,9626,819,316,0,1688.1,1776.3949923444761,1712.7815656088546,1.0371404139567582,6.421407173635794,11406.95554705152,0.1818,Low
P004,2026-01-26,10414,1173,308,0,1935.9,1816.2937634277325,1731.0130610209158,1.049266348033132,6.6938385323824585,12157.977179758505,0.0941,Low
P004,2026-01-27,10351,1277,396,0,2069.6000000000004,1879.64714041609,1758.3315211531599,1.0689947300116767,12.997611332141405,24430.922972699358,0.0186,Low
P004,2026-01-28,9724,876,272,0,1682.4,1830.3196948705952,1752.276041587716,1.0445384408536342,11.345151848151856,20765.254868969874,0.119,Low
P004,2026-01-29,10560,681,294,0,1690.5,1795.3564460728805,1747.4020105730451,1.0274432700290166,10.629790462810721,19084.262827811257,0.0865,Low
P004,2026-01-30,8161,935,385,0,1668.6,1763.6616744360938,1741.2458066678068,1.0128734596538378,9.668747769717928,17052.39988124097,0.0319,Low
P004,2026-01-31,9037,940,121,0,1494.7,1696.4122486698084,1722.1598197369385,0.9850492500042444,8.851374502752815,15015.58012403351,0.0868,Low
P004,2026-02-01,9870,1120,474,1,2021.0,1777.5673387280121,1745.100297956486,1.0186046788390892,8.286609990353064,14730.007267628855,0.7937,High
P004,2026-02-02,8289,992,282,0,1606.9,1734.8972893135322,1734.5734510116313,1.0001866904510992,8.089895827382746,14035.13834175518,0.0452,Low
P004,2026-02-03,11117,898,285,0,1845.7,1762.5995322862452,1742.9775101615987,1.0112577539857355,10.328138757869224,18204.372544007736,0.0584,Low
P004,2026-02-04,9662,983,213,0,1670.7,1739.623675535392,1737.5476152416513,1.0011948163397548,10.167470105871853,17687.571716473016,0.036,Low
P004,2026-02-05,9042,1249,155,0,1683.7,1725.6423122710353,1733.5270453974845,0.9954516180743188,10.075450502163228,17386.623701725315,0.0256,Low
P004,2026-02-06,8950,716,377,0,1630.0,1701.7311642133582,1725.8409383719943,0.9860301239338544,9.805558117602338,16686.42383122917,0.0538,Low
P004,2026-02-07,6466,759,295,0,1321.1,1606.5716718630608,1695.9496935438272,0.9472991259740761,7.431166458273621,11938.701520761351,0.0629,Low
P004,2026-02-08,11099,907,202,0,1765.4,1646.279286327971,1701.0538466247597,0.9677996260474241,9.972495777336318,16417.51323122194,0.0709,Low
P004,2026-02-09,11572,492,37,0,1440.2,1594.7589466272943,1681.969175200533,0.9481499189517903,8.725288485004919,13914.731873365705,0.0692,Low
P004,2026-02-10,9411,776,155,0,1484.1,1567.0940013093118,1667.5531094975772,0.9397565708620227,9.877529311770129,15479.016932231863,0.0334,Low
P004,2026-02-11,9813,1000,201,0,1682.3000000000002,1595.8956639080686,1668.6233527283787,0.9564145507938997,9.978964914734426,15925.386837715421,0.0394,Low
P004,2026-02-12,6830,1188,322,0,1599.0,1596.6717512236964,1663.5886646034883,0.959775559667271,10.42467666374831,16644.786744647816,0.0305,Low
P004,2026-02-13,8602,1481,150,0,1750.7,1635.17893594634,1669.8669471302846,0.9792270749260427,9.712532173974703,15881.728025584547,0.0529,Low
P004,2026-02-14,6462,719,253,0,1258.7,1541.0589773448457,1640.3251187961102,0.9394838561522744,8.328885838728342,12835.304293052666,0.0216,Low
P004,2026-02-15,9116,854,293,0,1631.6,1563.694273522557,1639.7000322433457,0.9536465409753836,9.342184933629044,14608.321082904446,0.0052,Low
P004,2026-02-16,6873,1360,249,0,1616.3000000000002,1576.845722796319,1638.0280781252623,0.962648769106904,9.773645403949189,15411.53095134518,0.0076,Low
P004,2026-02-17,10427,1029,303,0,1860.2,1647.6843634171614,1653.8631124276847,0.996264044510858,8.822109350884292,14536.051629808371,0.0451,Low
P004,2026-02-18,9605,1061,322,0,1813.0,1689.0133037701698,1665.1792803316753,1.0143131815155755,8.480040041544438,14322.9004466723,0.0433,Low
P004,2026-02-19,10744,985,328,0,1894.9,1740.4850069771678,1681.4796894290766,1.0350912993883457,7.991159224433815,13908.492818494347,0.0879,Low
P004,2026-02-20,8616,1359,190,0,1731.1,1738.1387542363254,1684.9936231481358,1.0315402503859297,8.009649584718284,13921.88235105174,0.0752,Low
P004,2026-02-21,11452,914,114,0,1716.2,1732.6540639300633,1687.1994648036246,1.0269408506849669,15.986803869473327,27699.600693695822,0.0622,Low
P004,2026-02-22,8943,722,341,0,1596.3000000000002,1698.5655398032213,1680.7852141384374,1.0105785768517201,14.706429321760044,24979.83405949327,0.0507,Low
P004,2026-02-23,7772,793,68,0,1241.7,1584.3491343862395,1649.8509594277248,0.9602983322401504,7.107598492721228,11260.917519507817,0.0457,Low
P004,2026-02-24,8072,199,99,0,1005.7,1439.6868313483994,1604.536835816663,0.8972600629907258,4.412149017880668,6352.112838989571,0.0635,Low
P004,2026-02-25,9891,1162,300,0,1870.1,1547.2901343569686,1623.19264886857,0.9532387458156024,4.632963425600419,7168.538601268194,0.0299,Low
P004,2026-02-26,7300,912,257,0,1443.0,1521.2175987967778,1610.5503536112728,0.944532771633302,4.983138261481607,7580.4376206034,0.0372,Low
P004,2026-02-27,7013,1378,345,0,1735.3000000000002,1574.7382021319934,1619.2923331464792,0.9724854247578841,5.150031402248262,8109.951191299736,0.0462,Low
P004,2026-02-28,8419,935,278,0,1587.4,1577.9036517335967,1617.0599195225068,0.9757855122905232,5.341960792788537,8429.099442358733,0.0536,Low
P004,2026-03-01,5688,852,189,0,1183.8000000000002,1479.3777356580522,1586.763693997731,0.9323239067864182,4.72779957112659,6994.2014241783645,0.039,Low
P004,2026-03-02,7248,842,437,0,1582.8000000000002,1505.23330236197,1586.4867939028074,0.9487840041650827,4.957257047036719,7461.828395568227,0.1522,Low
P004,2026-03-03,9712,755,315,0,1663.7,1544.8499774821612,1591.8760232585826,0.970458719904113,7.013807749284702,10835.280743546678,0.0856,Low
P004,2026-03-04,10850,1204,263,0,1950.0,1646.1374844743686,1616.8511463762998,1.0181131874647669,6.887129532239224,11337.162083449412,0.0431,Low
P004,2026-03-05,7780,1136,297,0,1643.0,1645.3531133478616,1618.6733260877338,1.0164824962920633,7.154332405070163,11771.403096607688,0.0605,Low
P004,2026-03-06,10093,1117,362,0,1929.8000000000002,1716.4648355490708,1640.3385656863234,1.0464088700900642,6.695812071347526,11493.125965913016,0.0751,Low
P004,2026-03-07,7948,1322,277,0,1732.8000000000002,1720.5486266849828,1646.772791718403,1.0448002449940847,6.709092385695796,11543.319690511576,0.0545,Low
P004,2026-03-08,11863,720,431,1,1977.3,1784.7364702869852,1669.7592760598707,1.068858538585179,10.807525820227834,19288.58548492888,0.7528,High
P004,2026-03-09,9047,731,209,0,1479.2,1708.3523524713628,1656.5145225986582,1.0312933082400333,9.040341551106385,15444.088755977202,0.1707,Low
P004,2026-03-10,8270,1054,310,0,1664.0,1697.2642643269708,1657.034517654146,1.0242781523266011,8.982975054819164,15246.482547885178,0.047,Low
P004,2026-03-11,7890,919,472,0,1720.5,1703.0731982556606,1661.441075524327,1.0250578326815574,9.949184963589985,16944.190255978323,0.5992,Medium
P004,2026-03-12,11342,1057,261,0,1923.7,1758.2298987660386,1679.6418333529216,1.0467885791986693,9.83985394683518,17300.725408816626,0.0622,Low
P004,2026-03-13,8931,1111,155,0,1603.6,1719.5724240354768,1674.366825129564,1.02699861700403,9.873327317720628,16977.901389028553,0.0624,Low
P004,2026-03-14,8365,426,297,0,1346.5,1626.3043179559425,1651.6319545333442,0.9846650784670676,7.192455688233212,11697.121742480453,0.0863,Low
P004,2026-03-15,9721,782,415,0,1778.1,1664.2532384885208,1660.3981759970673,1.002321763853975,8.696095451169944,14472.505016814874,0.4276,Medium
P004,2026-03-16,6912,487,280,0,1214.7,1551.8649288184927,1629.5151084611025,0.9523476715478763,6.2706872694225755,9731.259653005493,0.1352,Low
P004,2026-03-17,10321,1432,211,0,1959.1000000000001,1653.6736966464114,1652.3450787825818,1.0008040740840696,5.873703158274255,9713.188414747088,0.0765,Low
P004,2026-03-18,10369,915,240,0,1734.4,1673.8552724896467,1658.0272061421804,1.0095463187777427,5.9320512547744855,9929.395269483097,0.1323,Low
P004,2026-03-19,10076,1122,100,0,1668.6,1672.5414543669988,1658.7591427936045,1.0083088021248792,6.521913538850902,10908.170755525507,0.1471,Low
P004,2026-03-20,10965,1341,195,0,1962.0,1744.9060907850073,1679.7464795586898,1.0387913304962086,6.065634454311746,10583.96250380396,0.0967,Low
P004,2026-03-21,9344,1075,283,0,1754.9,1747.404568089008,1684.9465919147267,1.0370682169413001,6.958519100647325,12159.348063605752,0.0862,Low
P004,2026-03-22,7925,725,255,0,1410.0,1663.0534260603579,1665.9264886712974,0.9982753905329971,6.038680211915886,10042.647815309601,0.3006,Low
P004,2026-03-23,10510,1090,220,0,1816.0,1701.2900695474436,1676.305991298189,1.0149042407710205,8.98565872037834,15287.211949322058,0.0433,Low
P004,2026-03-24,9908,100,372,0,1412.8000000000002,1629.1675521575055,1658.084776506505,0.9825598578647317,7.965106374462404,12976.492854757058,0.0702,Low
P004,2026-03-25,6141,818,145,0,1168.1,1513.9006641144406,1624.2089673177522,0.9320849011772631,5.443519203515398,8240.947337321672,0.0627,Low
P004,2026-03-26,6809,1275,211,0,1529.4,1517.7754980859236,1617.6553319064071,0.9382564127023652,5.473942901423043,8308.216413701264,0.028,Low
P004,2026-03-27,9270,912,305,0,1688.0,1560.3316235652087,1622.5171079218105,0.9616734432754388,6.8016048291729465,10612.759105952387,0.0397,Low
P004,2026-03-28,8866,542,357,0,1514.6,1548.8987176737521,1615.0596684645946,0.9590349745752179,7.413306813909881,11482.461417787104,0.0238,Low
P004,2026-03-29,8010,460,215,0,1246.0,1473.1740382545474,1589.5599053334938,0.9267810694291896,6.416036839219581,9451.938900023053,0.1297,Low
P004,2026-03-30,11002,1182,223,0,1914.2,1583.430528691748,1611.9876691114277,0.9822845107380589,6.209473650067135,9832.270144623282,0.0926,Low
P004,2026-03-31,8227,830,465,0,1702.7,1613.2478965189805,1618.2537825365484,0.9969066063428028,6.142547645534273,9909.452068425782,0.6823,High
P005,2026-01-01,9632,1261,288,0,1881.7,0.0,0.0,0.0,0.0,0.0,0.0085,Low
P005,2026-01-02,8598,893,257,0,1563.3000000000002,0.0,0.0,0.0,0.0,0.0,0.0,Low
P005,2026-01-03,8931,1170,270,0,1748.1,1720.662162162162,0.0,0.0,10.761898173790604,18517.590980683563,0.0747,Low
P005,2026-01-04,10086,927,272,0,1744.1,1729.2337142857143,0.0,0.0,13.229681514127659,22877.211303492026,0.0236,Low
P005,2026-01-05,5990,1226,299,0,1511.0,1657.7000000000003,0.0,0.0,10.98172456975799,18204.40481928782,0.0238,Low
P005,2026-01-06,10484,100,473,0,1571.4,1631.4537273537276,0.0,0.0,11.378197169556794,18563.002182839064,0.3406,Low
P005,2026-01-07,8778,1284,160,0,1679.8000000000002,1645.4021906036487,0.0,0.0,12.565656648683143,20675.558976116547,0.0069,Low
P005,2026-01-08,9906,636,202,0,1510.6,1607.9524391691393,0.0,0.0,15.473350199900679,24880.411196048586,0.0209,Low
P005,2026-01-09,11858,894,286,0,1918.8,1691.9729857585342,0.0,0.0,11.3220947450659,19156.678450850162,0.0423,Low
P005,2026-01-10,10292,1100,279,0,1858.2,1736.0095955946629,0.0,0.0,10.572306974012054,18353.6263544573,0.0747,Low
P005,2026-01-11,9534,1673,259,0,2048.9,1817.681626010634,0.0,0.0,8.451575300172726,15362.273133969273,0.0382,Low
P005,2026-01-12,9289,1267,375,0,1937.4,1848.5902933347288,0.0,0.0,9.092876800280894,16809.00379148781,0.055,Low
P005,2026-01-13,10768,1143,150,0,1798.3,1835.7117613157056,0.0,0.0,10.229137795935229,18777.748560117314,0.0884,Low
P005,2026-01-14,11437,608,295,0,1742.7,1812.0369850541178,1770.160025987791,1.023657154276991,10.497676852564608,19022.178713993573,0.0731,Low
P005,2026-01-15,7856,932,297,0,1548.6,1745.2857107388986,1746.9253300093517,0.999061419951442,10.834855045071544,18909.91768809063,0.0388,Low
P005,2026-01-16,9469,1078,426,0,1911.9,1787.3609865348674,1763.6263777611932,1.013457838314499,11.13547297365811,19903.109959729914,0.2942,Low
P005,2026-01-17,9667,878,361,0,1766.7,1782.1566189467685,1763.927806229364,1.0103342112696942,10.998362024080464,19600.803678787775,0.0511,Low
P005,2026-01-18,10771,583,324,0,1692.6000000000001,1759.64052499951,1757.1305537424257,1.0014284432294767,13.319748460985378,23437.969174749727,0.0281,Low
P005,2026-01-19,10039,862,402,0,1836.9,1779.0374092575487,1764.5372391247488,1.0082175426673436,15.410770774660712,27416.33771361434,0.0266,Low
P005,2026-01-20,8762,989,247,0,1617.7,1738.5747412472863,1751.2212915024882,0.9927784339738492,13.96965969775058,24287.297494329356,0.0153,Low
P005,2026-01-21,9010,623,120,0,1332.5,1636.8140273423273,1714.056713864886,0.9549357407796922,8.404578533708667,13756.732037874555,0.1111,Low
P005,2026-01-22,11379,697,165,0,1651.4,1640.467036769494,1708.603402991798,0.9601215965599671,8.744266822879265,14344.681483650545,0.08,Low
P005,2026-01-23,5757,760,132,0,1087.7,1502.0901493613333,1655.5223691147119,0.9073209570048661,5.658033581990951,8498.876508264228,0.079,Low
P005,2026-01-24,11450,1255,196,0,1968.5,1618.8097274275515,1681.8438783561764,0.9625208015054036,5.408927028576457,8756.02368880537,0.0845,Low
P005,2026-01-25,12366,1246,232,0,2091.6000000000004,1737.096311365595,1715.7907091107395,1.0124173607057962,4.9157776487839016,8539.179221195953,0.0258,Low
P005,2026-01-26,5238,1639,125,0,1468.3000000000002,1669.8592844356244,1695.5677018097376,0.9848378645128399,4.78168897252081,7984.747726047315,0.0545,Low
P005,2026-01-27,6519,1258,508,0,1788.9,1699.6320663148501,1703.0981005748208,0.997964859312303,4.769148490463076,8105.797703408106,0.3293,Low
P005,2026-01-28,11063,1121,324,0,1990.8,1772.4471670212577,1726.0421025709675,1.0268852388434306,5.027423474450275,8910.84249470556,0.0619,Low
P005,2026-01-29,10267,1179,292,0,1908.2,1806.3934581987858,1740.4140697416985,1.0379101612800556,5.0538373351927595,9129.218701092985,0.0558,Low
P005,2026-01-30,9143,933,189,0,1569.8000000000002,1747.2345289238474,1727.0852854277655,1.0116666116893152,7.568973739245501,13224.772265727584,0.061,Low
P005,2026-01-31,8566,444,254,0,1332.6,1643.5620111516978,1696.5467777814404,0.9687690448555031,5.775824162802551,9492.925177074332,0.2904,Low
P005,2026-02-01,7504,620,282,0,1342.4,1568.2639444903252,1669.3606864229546,0.9394398393652996,5.832833028066577,9147.421732149138,0.1516,Low
P005,2026-02-02,11075,1227,107,0,1828.0,1633.2028508207425,1681.444392450768,0.9713094577735002,6.106127348779888,9972.544593501816,0.1484,Low
P005,2026-02-03,7503,1234,166,0,1533.3000000000002,1608.2257267959155,1670.2408209529926,0.9628705615335167,6.010086300323062,9665.575408443232,0.1424,Low
P005,2026-02-04,8650,1117,167,0,1590.5,1603.7941072921385,1664.2502399598588,0.9636736466350667,7.307757862009574,11720.13899660875,0.0968,Low
P005,2026-02-05,9145,551,204,0,1394.0,1551.3439134039256,1644.0718168247702,0.9435986239117473,8.842495321433255,13717.75129620817,0.0395,Low
P005,2026-02-06,9467,474,308,0,1491.7,1536.4325795990817,1632.7593516878871,0.941003687163535,8.845417903752498,13590.388247494353,0.0084,Low
P005,2026-02-07,8958,1117,287,0,1741.3000000000002,1587.6503503897534,1640.7753806706617,0.9676219910519297,9.019496043190772,14319.806053310824,0.0128,Low
P005,2026-02-08,11033,989,221,0,1818.8,1645.438537661417,1653.8590509321464,0.9949085605480896,9.691656045016938,15947.024350230104,0.042,Low
P005,2026-02-09,9170,1115,269,0,1743.5,1669.954149789404,1660.4173903289075,1.0057435855939643,10.730879707773623,17920.07709888747,0.0379,Low
P005,2026-02-10,9048,741,198,0,1473.3000000000002,1620.7902415262802,1646.7846625914349,0.9842150394658161,9.977270399324427,16171.062500294043,0.1292,Low
P005,2026-02-11,6883,1476,140,0,1566.3000000000002,1607.1676040837774,1640.9435555927985,0.9794167439897183,9.852153710506144,15834.062273979258,0.0615,Low
P005,2026-02-12,7948,736,354,0,1516.8000000000002,1584.5756072135332,1631.966336590388,0.970960957941402,11.15900384123083,17682.28528761649,0.0671,Low
P005,2026-02-13,8545,1326,197,0,1714.5,1617.0568087642419,1637.9146974380142,0.9872655770297113,12.188059702230504,19708.784927116914,0.0332,Low
P005,2026-02-14,9405,701,479,0,1770.0,1655.292697822167,1647.4048604022012,1.004788032111402,12.150132765790698,20112.02604478319,0.5294,Medium
P005,2026-02-15,7206,1045,328,0,1571.1,1634.2444856933541,1641.938213670785,0.9953142341980258,13.80414691936132,22559.35098266714,0.0087,Low
P005,2026-02-16,9608,896,251,0,1659.8000000000002,1640.6333728464072,1643.2144549553645,0.9984292420959017,15.211509180257286,24956.509612489597,0.0159,Low
P005,2026-02-17,9053,907,361,0,1719.8000000000002,1660.4250495609479,1648.6729968026789,1.0071281829142458,17.444698342796723,28965.614110414033,0.0216,Low
P005,2026-02-18,12303,784,127,0,1749.3000000000002,1682.6438039479933,1655.8285474812656,1.0161944582641558,17.72250973008791,29820.671187740445,0.131,Low
P005,2026-02-19,8855,1725,184,0,1932.0,1744.9828882649686,1675.4249846837022,1.0415165667230588,15.788413383469374,27550.511187007673,0.0532,Low
P005,2026-02-20,11446,1455,209,0,2081.1000000000004,1829.0122018894417,1704.1534448424172,1.0732673144500184,10.665722532214424,19507.736653387336,0.0263,Low
P005,2026-02-21,9840,1440,226,0,1930.0,1854.2591594596493,1720.1175454325012,1.077983974760039,10.308610604950953,19114.83563553318,0.0226,Low
P005,2026-02-22,8682,777,163,0,1419.7,1745.6193436388437,1698.918812912049,1.0274883767823275,8.010120635961432,13982.621527014951,0.1807,Low
P005,2026-02-23,8013,584,268,0,1361.3000000000002,1649.5394905128037,1675.1330282455287,0.9847214835189863,6.120689936101375,10096.319758783507,0.2427,Low
P005,2026-02-24,7832,1022,109,0,1403.2,1587.9546096081624,1656.003340281087,0.9589078484283415,5.3144353615825635,8439.082129889654,0.0515,Low
P005,2026-02-25,9483,1202,65,0,1614.3000000000002,1594.54095786998,1653.0736805057315,0.9645915769079573,5.329479343715296,8498.07309767606,0.0957,Low
P005,2026-02-26,9548,1320,143,0,1757.8000000000002,1635.3557214878695,1660.42126688381,0.9849040988905043,5.815909657452321,9511.081133971207,0.142,Low
P005,2026-02-27,11496,1077,194,0,1882.1000000000001,1697.0417946132627,1675.9556672159244,1.0125815483571536,7.152701824187166,12138.433940052146,0.061,Low
P005,2026-02-28,8903,1119,272,0,1721.8000000000002,1703.2313462231396,1679.1646990738022,1.014332505333924,8.38594960738711,14283.212239149356,0.0537,Low
P005,2026-03-01,9795,675,281,0,1598.0,1676.9235088283565,1673.4891590180766,1.0020522031895163,8.910805448311649,14942.739138869607,0.0746,Low
P005,2026-03-02,6866,918,174,0,1319.6,1587.592629484591,1648.766780908018,0.9628970199055642,8.012750650206481,12720.983874165673,0.0406,Low
P005,2026-03-03,7884,1322,373,0,1822.4,1646.2944731664961,1660.8858119490342,0.9912147189230532,8.808745860800226,14501.789626163662,0.0203,Low
P005,2026-03-04,9901,624,233,0,1535.1,1618.4958545008626,1652.113665028088,0.9796516298876021,8.369749227449832,13546.40442783935,0.1543,Low
P005,2026-03-05,10807,994,496,0,2073.7,1732.296892023978,1681.4918579408109,1.030214255002841,6.974223317048695,12081.425376404613,0.6757,High
P005,2026-03-06,9577,1009,233,0,1695.2,1723.022668947796,1682.4464214902143,1.0241174023125608,7.2934926388846995,12566.85315260222,0.0561,Low
P005,2026-03-07,9187,906,335,0,1706.7,1718.9420016876852,1684.134184689835,1.0206680721213317,7.2875656313580945,12526.902653797062,0.0867,Low
P005,2026-03-08,10422,716,131,0,1531.2,1672.0065010659591,1673.4983908623778,0.9991085143579164,6.938446336052307,11601.127381176742,0.2117,Low
P005,2026-03-09,6233,1104,154,0,1329.3000000000002,1586.3298755259248,1649.5750063755168,0.9616597364643922,6.647131175193816,10544.5427697497,0.0663,Low
P005,2026-03-10,5758,1068,514,1,1623.8000000000002,1595.697406666875,1647.7844891978104,0.9683896209994128,6.9620079891779145,11109.258093525263,0.8068,High
P005,2026-03-11,8978,1203,273,0,1772.3000000000002,1639.8480550794475,1656.429894287383,0.9899894048247885,7.183811826892385,11780.359852386211,0.0394,Low
P005,2026-03-12,8839,1227,235,0,1732.4,1662.9860413407512,1661.7022162838698,1.000772590321283,10.846692026630253,18037.897435008133,0.0172,Low
P005,2026-03-13,9388,1048,198,0,1660.8000000000002,1662.4395310050113,1661.639629703473,1.0004813867474185,10.986586233208731,18264.535264881637,0.037,Low
P005,2026-03-14,10475,899,189,0,1686.0,1668.3296482582211,1663.3288212407645,1.0030065113545386,11.15307418579973,18607.00433339311,0.0442,Low
P005,2026-03-15,9792,682,267,0,1587.2,1648.0472361821405,1658.051898486829,0.9939660077869221,11.324928241556753,18664.016688458676,0.0862,Low
P005,2026-03-16,8973,1277,312,0,1847.8000000000002,1697.9854271578881,1671.199817301491,1.0160277660509625,18.91137226894836,32111.23452023212,0.0028,Low
P005,2026-03-17,8949,1197,403,0,1896.4,1747.5890703842713,1686.7991776465387,1.0360386009093046,16.212203420685043,28332.269504835676,0.0299,Low
P005,2026-03-18,9824,955,133,0,1592.9,1708.9168027789328,1680.2968609246025,1.0170326638997917,14.285341453892723,24412.460043991705,0.0319,Low
P005,2026-03-19,7389,860,203,0,1371.9,1624.6626020690512,1658.947067413973,0.9793335930894398,9.263422857341386,15049.936683474181,0.0963,Low
P005,2026-03-20,8707,969,317,0,1672.2,1636.546951553391,1659.864304496965,0.9859522475783568,9.329801469527895,15268.658153554225,0.0508,Low
P005,2026-03-21,8881,1098,271,0,1708.1,1654.4352136668522,1663.2018864853328,0.9947290326947039,9.397467651805863,15547.501402442766,0.0451,Low
P005,2026-03-22,6024,670,250,0,1187.4,1537.676410241283,1630.2871267811056,0.9431936102233646,6.049636535589234,9302.383391309366,0.1651,Low
P005,2026-03-23,7172,1132,417,0,1700.2,1578.3073076832736,1635.1224960931465,0.9652532466539016,6.665677088948716,10520.486860144729,0.3353,Low
P005,2026-03-24,10815,888,413,0,1938.5,1668.3554807662972,1656.1007920112693,1.0073997179037322,6.776102934645974,11304.9484692532,0.4989,Medium
P005,2026-03-25,9210,850,203,0,1549.0,1638.516610573768,1648.6962231999566,0.9938256530092078,6.637469441114729,10875.603931442269,0.1312,Low
P005,2026-03-26,8533,835,281,0,1551.8000000000002,1616.8374579298059,1641.9983069842829,0.9846766840171385,7.055985943184282,11408.382375566518,0.0866,Low
P005,2026-03-27,9228,952,308,0,1706.8000000000002,1639.3280934477593,1646.4769878196544,0.995658059978146,7.098446687432234,11636.683074548846,0.052,Low
P005,2026-03-28,10773,1236,116,0,1811.3,1682.3210700864001,1657.8668189424586,1.0147504254968058,6.99285417993594,11764.225926947987,0.0604,Low
P005,2026-03-29,5156,1232,128,0,1259.6,1576.64080256373,1630.3490205651372,0.9670572208806172,7.207631607681081,11363.846082518006,0.0554,Low
P005,2026-03-30,8650,601,84,0,1249.5,1494.8556019221762,1604.038062650136,0.9319327436239887,5.706436809797136,8530.299032140161,0.2025,Low
P005,2026-03-31,9799,1179,207,0,1776.4,1565.241701442033,1615.9442659085935,0.968623562568052,6.795399202983778,10636.442210456164,0.0557,Low
P006,2026-01-01,4377,668,20,0,791.7,0.0,0.0,0.0,0.0,0.0,0.0091,Low
P006,2026-01-02,5471,546,211,0,1031.1,0.0,0.0,0.0,0.0,0.0,0.0,Low
P006,2026-01-03,5376,258,272,0,938.6,932.8675675675676,0.0,0.0,7.727163413416671,7208.420137671112,0.0249,Low
P006,2026-01-04,4959,542,60,0,826.9000000000001,894.1137142857144,0.0,0.0,8.194553516852546,7326.862681866093,0.0208,Low
P006,2026-01-05,4531,285,136,0,731.6,840.8441741357235,0.0,0.0,7.005755523703749,5890.748717525462,0.0052,Low
P006,2026-01-06,7764,139,20,0,865.9000000000001,848.4643599643599,0.0,0.0,7.90344596370481,6705.792221107705,0.0217,Low
P006,2026-01-07,7403,487,86,0,1069.8000000000002,912.3222723110517,0.0,0.0,7.295797661216084,6656.118700602315,0.0217,Low
P006,2026-01-08,6756,369,335,0,1195.1,990.8814972445953,0.0,0.0,6.2451345369641835,6188.1882604810025,0.0052,Low
P006,2026-01-09,6213,404,369,0,1192.3000000000002,1045.3239147739225,0.0,0.0,5.739092535811288,5999.210676784054,0.0052,Low
P006,2026-01-10,4288,773,183,0,998.3,1032.8664102141731,0.0,0.0,5.688002899484242,5874.947136078097,0.0052,Low
P006,2026-01-11,7149,1019,156,0,1380.4,1123.5811573458543,0.0,0.0,5.130114178444032,5764.099625932522,0.0052,Low
P006,2026-01-12,4066,688,85,0,835.6,1049.2307172972664,0.0,0.0,5.378011842332497,5642.775222963719,0.0143,Low
P006,2026-01-13,8217,591,116,0,1233.2,1096.3422798016702,0.0,0.0,6.175457475489086,6770.415127495971,0.0242,Low
P006,2026-01-14,5473,146,56,0,676.3000000000001,989.4266934925594,995.8550013181881,0.9935449259655583,3.9918664870841774,3949.659259179456,0.0,Low
P006,2026-01-15,6997,353,48,0,924.2,972.8991550032234,988.340639629792,0.9843763436904548,3.942525817699992,3835.680036618715,0.0,Low
P006,2026-01-16,6001,906,225,0,1278.1,1049.9718345636077,1017.6741422478622,1.0317367619531317,4.072677723229328,4276.196900645434,0.0,Low
P006,2026-01-17,6690,323,20,0,850.5,999.7261820247245,1001.2794646653878,0.9984486922183416,3.726667874954347,3725.647446302303,0.0,Low
P006,2026-01-18,7448,453,128,0,1099.3000000000002,1024.7607742925632,1010.6204266659817,1.0139917392460718,4.583040489698721,4696.520120837829,0.0,Low
P006,2026-01-19,7189,717,198,0,1275.4,1087.6866491000321,1035.205516413481,1.0506963316437987,4.6094972153193225,5013.688580166603,0.0,Low
P006,2026-01-20,8444,357,246,0,1268.9,1133.1341103567556,1056.3981206983221,1.072639261116174,4.702472891649094,5328.532436555556,0.0,Low
P006,2026-01-21,5282,631,306,0,1149.7,1137.2854563660871,1064.6793450053044,1.0681952749618415,6.501620241162625,7394.198143089626,0.0302,Low
P006,2026-01-22,5958,712,260,0,1211.8000000000002,1155.9473815420213,1077.4839531318732,1.0728209616986615,7.530927970154561,8705.356467681735,0.0248,Low
P006,2026-01-23,4649,298,48,0,661.9000000000001,1032.2700738474866,1041.9556796698935,0.9907043879903613,4.444336932214701,4587.756013220382,0.0,Low
P006,2026-01-24,2247,1167,43,0,851.2,986.9570887315897,1025.9130718608606,0.9620279789603519,4.251298244068229,4195.8489382952985,0.0057,Low
P006,2026-01-25,4865,467,184,0,904.0,966.2021975911396,1015.8130094124294,0.95116146291373,4.022376411388484,3886.4289282223144,0.0,Low
P006,2026-01-26,6420,808,95,0,1141.0,1009.9263264236923,1026.0423122971292,0.9842930495914087,4.516147132706987,4560.975883323658,0.0057,Low
P006,2026-01-27,4946,635,128,0,940.1,992.4623522180268,1019.1081652232899,0.9738537834814004,5.029878825406297,4991.965370434379,0.0145,Low
P006,2026-01-28,7607,698,226,0,1335.7,1078.2990155248472,1044.356117021987,1.0325012585502316,4.623215189341322,4985.208387226267,0.0,Low
P006,2026-01-29,6191,902,171,0,1241.1,1119.0089550650937,1059.8788951562908,1.0557894393606064,4.706607856937098,5266.736339892343,0.0,Low
P006,2026-01-30,3251,670,88,0,748.1,1026.265153916961,1035.5219728141535,0.9910607123259364,4.70559591265333,4829.189113570193,0.0,Low
P006,2026-01-31,4403,726,277,0,1080.3,1039.7756749905402,1038.9883990057401,1.0007577235491525,5.077128704433483,5279.074925666172,0.0052,Low
P006,2026-02-01,5228,643,323,0,1167.3000000000002,1071.6599590965861,1048.8382441146975,1.0217590318548706,5.459839747504258,5851.091640484328,0.0108,Low
P006,2026-02-02,5558,1331,209,0,1430.3000000000002,1161.3267247555275,1077.8945455763958,1.077402904344866,4.948524553124295,5746.853811652148,0.0,Low
P006,2026-02-03,2555,776,191,0,834.5,1079.6154265114546,1059.4875836359367,1.018997705113699,4.283704689684167,4624.75366560249,0.0,Low
P006,2026-02-04,7131,752,139,0,1228.1,1116.7381430837015,1072.1547009869403,1.041583021218758,4.660280828770441,5204.313358969675,0.0,Low
P006,2026-02-05,3360,488,68,0,648.0,999.549882627435,1040.4848936538451,0.9606577463232194,3.520373690806405,3518.7891094502525,0.0,Low
P006,2026-02-06,4326,727,320,0,1116.1,1028.6881065626483,1046.098748447913,0.9833565887114742,3.983971792429838,4098.26439975365,0.0057,Low
P006,2026-02-07,5788,191,197,0,871.3000000000001,989.3403764485661,1033.189374351657,0.9575595640381004,3.6784154725860594,3639.204948382522,0.0,Low
P006,2026-02-08,6991,367,139,0,1021.6,997.405390478425,1032.337629502404,0.9661619922714272,3.7889143382313417,3779.0835850129347,0.0,Low
P006,2026-02-09,5218,315,218,0,897.3000000000001,972.3787911766916,1022.4579638493723,0.9510207911195201,5.039132717555795,4899.94578047582,0.0052,Low
P006,2026-02-10,5015,676,64,0,903.5,955.1589635030211,1013.7910968600881,0.9421654589783666,5.078902500332615,4851.159247950603,0.0143,Low
P006,2026-02-11,4540,767,116,0,953.5,954.7442202811343,1009.4155209865502,0.9458386471902379,6.564294469983026,6267.222205439706,0.0052,Low
P006,2026-02-12,7787,430,175,0,1168.7,1008.2333921451809,1020.9338929629329,0.987559908843371,8.7135832495337,8785.325597416791,0.0425,Low
P006,2026-02-13,6595,125,20,0,742.0,941.6748323217847,1000.8305874820878,0.9408933286920599,7.079595782369797,6666.6771712690925,0.0217,Low
P006,2026-02-14,2908,929,98,0,853.3,919.5810715151351,990.2307002103739,0.9286533552567469,6.829182269209426,6279.986748691766,0.0052,Low
P006,2026-02-15,9034,381,171,0,1264.9,1005.9109581544255,1009.9086083016913,0.9960415624990028,5.481935237278325,5514.338727071148,0.0108,Low
P006,2026-02-16,7510,1152,359,0,1686.0,1175.9334468526604,1058.2159685136453,1.1112414391099625,3.652087871884049,4294.612279393406,0.0,Low
P006,2026-02-17,7009,857,212,0,1341.4,1217.3001267872228,1078.3995669388905,1.1288024891873667,3.7556029042732644,4571.695891534307,0.0,Low
P006,2026-02-18,6364,385,71,0,899.9000000000001,1137.9500351735167,1065.7065257396764,1.0677892994094271,3.448677375824829,3924.4225411219754,0.0,Low
P006,2026-02-19,5191,499,108,0,876.6,1072.6124893780704,1052.2879985080208,1.019314560943127,3.1232669827964497,3350.055173409635,0.0,Low
P006,2026-02-20,6241,837,162,0,1204.6,1105.6093810486934,1063.0741921392575,1.0400114863326013,3.6041797014294517,3984.814888885681,0.0,Low
P006,2026-02-21,7413,208,133,0,978.3000000000001,1073.782025647727,1057.0818770038334,1.0157983396075665,3.7156800840148647,3989.8304872723984,0.0,Low
P006,2026-02-22,4121,100,145,0,607.1,957.1114913612273,1025.329252715787,0.9334674491061813,2.691533064422604,2576.0972253375726,0.0,Low
P006,2026-02-23,5014,1004,216,0,1219.4,1022.6836302706421,1039.0018468617047,0.9842943239386004,4.040800601650227,4132.460628495449,0.0057,Low
P006,2026-02-24,3660,1106,275,0,1194.0,1065.5127284588177,1049.9055106193973,1.0148653450552512,4.705387897930831,5013.650697581381,0.0,Low
P006,2026-02-25,6070,482,57,0,905.0,1025.3845422994696,1039.7258980793076,0.9862065899595299,4.535329620063357,4650.456886645892,0.0,Low
P006,2026-02-26,4638,877,341,0,1243.3,1079.8634108429223,1054.008633359467,1.0245299387688585,4.583597487863541,4949.659217175374,0.0,Low
P006,2026-02-27,7511,404,41,0,994.1,1058.4225569165787,1049.8104647716484,1.0082034637221577,4.686619314003321,4960.423597622018,0.0,Low
P006,2026-02-28,5408,100,185,0,775.8000000000001,987.766914683009,1030.6301592148932,0.9584106347628691,4.043076665647064,3993.6173638530677,0.0,Low
P006,2026-03-01,4975,410,20,0,722.5,921.4501838973125,1009.0837839931839,0.9131552695449756,4.258791836918384,3924.264521308818,0.0,Low
P006,2026-03-02,5967,390,36,0,827.7,898.0126373623893,996.412476108662,0.901245869438511,4.429857656581084,3978.068157326353,0.0,Low
P006,2026-03-03,2000,542,330,0,801.0,873.7594775867145,982.7733241298686,0.8890752803751303,4.9288026836261665,4306.588057973196,0.0052,Low
P006,2026-03-04,7688,413,93,0,1068.3000000000002,922.3946088443853,988.7378487035695,0.9329010725389101,4.8786516691863655,4500.041998087165,0.0052,Low
P006,2026-03-05,5900,251,183,0,898.5,916.4209565730107,982.449635098593,0.9327917834211685,7.3721545278740495,6755.996904438389,0.0341,Low
P006,2026-03-06,6346,918,143,0,1236.6,996.4657180355382,1000.1473415678579,0.996318908882228,5.4113289166533765,5392.203754459478,0.0108,Low
P006,2026-03-07,4891,287,70,0,702.6,922.9992881096572,979.4415536347277,0.9423730035351858,4.746701992084399,4381.202559562592,0.0,Low
P006,2026-03-08,4857,660,244,0,1059.7,957.1744662277268,985.0231199155711,0.9717279088763822,5.131678974873609,4911.912083626696,0.0243,Low
P006,2026-03-09,3992,998,126,0,1024.2,973.9308497242943,987.7460947758174,0.9860133540545233,5.376293746909157,5236.138337294646,0.0166,Low
P006,2026-03-10,5164,326,20,0,699.4,905.2981371288749,967.715502802383,0.9355002840734101,4.525426085804169,4096.85980519293,0.0,Low
P006,2026-03-11,6522,771,125,0,1162.7,969.6486029622248,981.2537355382067,0.9881731482516619,4.579231795304154,4440.245712956874,0.0,Low
P006,2026-03-12,5297,705,20,0,902.2,952.7864521989563,975.7674097673934,0.9764483143186772,4.503876130410146,4291.232159437047,0.0057,Low
P006,2026-03-13,4403,788,27,0,861.3,929.9148391261122,967.8268262595359,0.9608277062455239,5.24148076367183,4874.1307411325015,0.0052,Low
P006,2026-03-14,5637,143,199,0,834.2,905.9861293264544,958.5609037253071,0.9451523803588773,5.7777399746305695,5234.552275870276,0.0052,Low
P006,2026-03-15,5143,100,269,0,833.3000000000001,887.814596984515,949.8783561398645,0.9346613510026914,5.9206147401979905,5256.408189469458,0.0052,Low
P006,2026-03-16,4095,307,173,0,736.0,849.8609477222111,935.0584172824257,0.908885394672261,5.646015183874094,4798.327815021232,0.0052,Low
P006,2026-03-17,6919,245,159,0,973.4000000000001,880.7457108015302,937.7142950789887,0.9392473870038064,6.458677258005429,5688.45229243967,0.0052,Low
P006,2026-03-18,5840,758,170,0,1133.0,943.8092831162658,951.2374114309008,0.9921910785390873,7.432392699434822,7014.761225492147,0.0252,Low
P006,2026-03-19,4646,302,161,0,776.6,902.0069623296833,939.1475585637145,0.9604528537609568,6.699413030913628,6042.917197406298,0.0052,Low
P006,2026-03-20,3588,100,196,0,604.8,827.705221737243,916.0073231983173,0.9036010867371991,4.862416380567551,4024.647428456468,0.0252,Low
P006,2026-03-21,6552,100,52,0,757.2,810.0789163011498,905.0189367761858,0.8950960852110039,4.675911372992039,3787.8572177536125,0.0,Low
P006,2026-03-22,6125,1167,155,0,1351.0,945.3091872361197,935.8707680647952,1.010085162815791,3.6048756543063236,3407.722074859586,0.0,Low
P006,2026-03-23,4104,495,290,0,947.9000000000001,945.9568904271266,936.7027432972362,1.0098794810811813,3.7606517916611577,3557.414474818991,0.0,Low
P006,2026-03-24,4227,310,105,0,682.7,880.1426678175369,919.1386700080698,0.9575733096226671,3.2890436290297527,2894.8276342225195,0.0,Low
P006,2026-03-25,3766,587,315,0,985.1,906.3820008639923,923.6990023607899,0.981252538689482,3.6134851083173913,3275.197862568957,0.0093,Low
P006,2026-03-26,5681,475,124,0,929.6,912.1865006481336,924.1069066781207,0.9871006094480524,3.681688053983555,3358.3861424412958,0.0,Low
P006,2026-03-27,2852,815,145,0,837.7,893.564875485765,918.1350108992685,0.9732390717550037,4.135784727058715,3695.591964670149,0.0057,Low
P006,2026-03-28,4926,1508,183,0,1429.6,1027.5736566161327,953.4789824359024,1.077709802489656,3.799549665728553,3904.3171435072936,0.0,Low
P006,2026-03-29,4069,422,268,0,885.9000000000001,992.155242461741,948.8096885736779,1.0456841281799958,4.299504256664638,4265.775688236391,0.0,Low
P006,2026-03-30,5366,119,245,0,841.1,954.391431846019,941.3685637970023,1.013833963031599,4.0621143014429,3876.847084476281,0.0,Low
P006,2026-03-31,4194,1112,261,0,1236.4,1024.8935738849157,961.7483779315888,1.0656566590032261,4.529370098071542,4642.122307260014,0.0,Low
P007,2026-01-01,9851,860,319,0,1734.1,0.0,0.0,0.0,0.0,0.0,0.0,Low
P007,2026-01-02,8657,586,169,0,1327.7,0.0,0.0,0.0,0.0,0.0,0.0,Low
P007,2026-01-03,9475,739,193,0,1510.0,1505.3864864864863,0.0,0.0,7.395369888356726,11132.889892501289,0.0127,Low
P007,2026-01-04,6497,967,439,0,1572.2,1529.8211428571428,0.0,0.0,9.108932208210453,13935.037080972752,0.3428,Low
P007,2026-01-05,6328,847,374,0,1430.3000000000002,1497.1996158770805,0.0,0.0,9.789751962872701,14657.212878344904,0.0052,Low
P007,2026-01-06,7810,975,127,0,1395.5,1466.2698841698839,0.0,0.0,10.09760273191629,14805.810788120401,0.0204,Low
P007,2026-01-07,8572,783,332,0,1580.7,1499.2843065436357,0.0,0.0,10.98691490371094,16472.50909246419,0.0093,Low
P007,2026-01-08,9711,1616,291,0,2070.1,1657.864116998728,0.0,0.0,6.759151856347642,11205.755323984096,0.0289,Low
P007,2026-01-09,8418,898,198,0,1488.8000000000002,1612.1669287019354,0.0,0.0,7.093673810389082,11436.186320108322,0.0546,Low
P007,2026-01-10,8437,751,250,0,1469.2,1574.292345635844,0.0,0.0,6.850152725755321,10784.143002593115,0.02,Low
P007,2026-01-11,9906,538,347,0,1606.6,1582.7254317667941,0.0,0.0,6.876000996890157,10882.82164663188,0.0208,Low
P007,2026-01-12,9905,804,21,0,1413.5,1539.0351242646163,0.0,0.0,6.632359111281143,10207.433628998133,0.0542,Low
P007,2026-01-13,7018,1229,231,0,1547.3000000000002,1541.1516254765488,0.0,0.0,7.029936258890537,10834.19769238568,0.0158,Low
P007,2026-01-14,6431,688,317,0,1304.1,1480.8136196564685,1523.133373061646,0.9722153267233166,6.022549101828506,8918.272735037484,0.1985,Low
P007,2026-01-15,8750,768,197,0,1456.0,1474.5261929608503,1516.093188325522,0.9725828165375445,15.276836987942346,22526.09628431413,0.041,Low
P007,2026-01-16,7342,563,395,0,1410.7,1458.4080995863615,1505.4238130144931,0.9687691115887974,14.822112014468631,21616.688214877373,0.0487,Low
P007,2026-01-17,7446,1205,385,0,1732.1,1527.3493020422154,1527.6538238958537,0.9998006538871037,10.662494956273976,16285.3542294937,0.007,Low
P007,2026-01-18,9427,710,274,0,1571.7,1538.4998400324619,1531.8512469751686,1.004340227569106,11.04474185094773,16992.333570882918,0.0744,Low
P007,2026-01-19,7893,569,266,0,1339.8000000000002,1488.613948377412,1514.0190664804618,0.9832200739754829,10.018506443073488,14913.688433068166,0.0705,Low
P007,2026-01-20,6161,1196,187,0,1401.1,1466.665859240752,1503.7789912531484,0.9753200822850507,9.919079722553983,14547.975584157159,0.0286,Low
P007,2026-01-21,8231,925,207,0,1492.6,1473.1648516924042,1502.786774003228,0.9802886659463994,11.237937070674016,16555.33389804806,0.0261,Low
P007,2026-01-22,8810,697,320,0,1549.5,1492.2827413893335,1506.852447536547,0.9903310267210682,11.284081131603308,16839.03952512864,0.0671,Low
P007,2026-01-23,5911,878,427,0,1457.1,1483.4752729259556,1502.5991106399697,0.9872728211727761,11.576546892742236,17173.52106125091,0.2172,Low
P007,2026-01-24,6429,636,285,0,1245.9,1424.021799597909,1481.0106412216483,0.961520295902848,12.214528448841454,17393.754782959062,0.0701,Low
P007,2026-01-25,8199,945,282,0,1574.4,1461.6446625378148,1488.7476159470232,0.9817947898375539,12.48114771114663,18243.002934343534,0.0152,Low
P007,2026-01-26,8882,1173,274,0,1748.7,1533.4490238301298,1509.9888939711768,1.0155366173865612,9.832162953693727,15077.12068348041,0.007,Low
P007,2026-01-27,7568,1041,423,0,1700.3000000000002,1575.1794325922901,1525.3439055331935,1.0326716595199295,9.466600430839124,14911.594295227102,0.3419,Low
P007,2026-01-28,7731,547,344,0,1390.6,1529.0199197557135,1514.5981842025417,1.0095218161545247,8.722490327226831,13336.861460206357,0.0664,Low
P007,2026-01-29,7749,188,318,0,1186.9,1443.4695694696265,1488.743320857394,0.9695892767750008,6.700889478869371,9672.530051127122,0.106,Low
P007,2026-01-30,7127,812,266,0,1384.7,1428.7745528354342,1480.6152046644386,0.9649870801572484,6.554872167270306,9365.434549685064,0.0751,Low
P007,2026-01-31,8215,1052,190,0,1537.5,1455.9595556925492,1485.0188587967616,0.9804316876271358,7.402154358440146,10777.237370882181,0.0461,Low
P007,2026-02-01,8699,762,307,0,1557.9,1481.4472270678275,1490.613582474538,0.99385060927058,7.566248752467904,11208.998233648985,0.0302,Low
P007,2026-02-02,8853,559,342,0,1506.8000000000002,1487.7858978520126,1491.8465171526507,0.9972781186088973,9.10198802212498,13541.809421735477,0.0664,Low
P007,2026-02-03,7126,1082,270,0,1523.6,1496.7399293319868,1494.2479068340176,1.0016677369731586,11.346386991267387,16982.590463482924,0.007,Low
P007,2026-02-04,10687,773,198,0,1653.2,1535.8566046998185,1506.189286127069,1.0196969322840326,10.165174603804223,15612.250553179576,0.0529,Low
P007,2026-02-05,7901,749,313,0,1477.6,1521.2919906064417,1504.0546470877555,1.0114605765405242,18.684401374097604,28424.430159690677,0.0619,Low
P007,2026-02-06,5505,524,126,0,938.5,1375.5905197477205,1462.066454248,0.940853616018915,5.853704184133602,8052.299981101748,0.1647,Low
P007,2026-02-07,9355,1353,223,0,1835.0,1490.4449432210852,1489.6086346005688,1.000561421701967,5.40981162144286,8063.026374958171,0.0364,Low
P007,2026-02-08,7676,861,349,0,1547.1,1504.6088973371618,1493.8338820444471,1.007212987568496,5.468271571104995,8227.610058940436,0.0698,Low
P007,2026-02-09,6539,911,331,0,1440.4,1488.5565115706868,1489.9245355083156,0.9990818099200037,5.394924092709929,8030.649387632944,0.0561,Low
P007,2026-02-10,8681,896,333,0,1649.1,1528.6926864026602,1501.521510894123,1.0180957549595144,5.409019125398466,8268.727977608749,0.0561,Low
P007,2026-02-11,3875,1043,168,0,1077.0,1415.7688760112924,1470.7122176882492,0.9626416707207772,4.499592680496372,6370.3832717749865,0.0344,Low
P007,2026-02-12,5184,993,371,0,1385.9,1408.3016253277483,1464.5791739822603,0.9615742465344274,4.486101876387816,6317.784563902823,0.0344,Low
P007,2026-02-13,7723,1125,394,0,1728.8000000000002,1488.4264739503874,1483.6220802544703,1.0032382799686497,5.908857654662304,8794.90016400377,0.0559,Low
P007,2026-02-14,9902,1332,307,0,1963.2,1607.1201387222304,1518.0791509817382,1.0586537118939896,5.713575143851087,9182.401677785847,0.0456,Low
P007,2026-02-15,8043,359,209,0,1192.8000000000002,1503.5399186479842,1494.7754426971105,1.0058633997066646,4.842396298994126,7280.736137450928,0.2216,Low
P007,2026-02-16,6665,1491,216,0,1628.0,1534.654980754601,1504.2944615128101,1.0201825572165126,4.895564647043765,7513.002669191854,0.0376,Low
P007,2026-02-17,8114,1005,238,0,1551.9,1538.9662399065007,1507.6874885369675,1.0207461701445992,4.983492038721157,7669.42600443468,0.0531,Low
P007,2026-02-18,10472,653,253,0,1626.7,1560.8996964917308,1516.150426218712,1.0295150528628436,6.356351062866754,9921.626444823605,0.3035,Low
P007,2026-02-19,6816,444,172,0,1075.6,1439.574703659827,1484.890067180277,0.9694823379744707,4.68567603849533,6745.380694562868,0.2193,Low
P007,2026-02-20,7874,711,164,0,1306.9,1406.4060136567596,1472.2854443650199,0.9552536225139348,4.611655298382888,6485.859744557752,0.0706,Low
P007,2026-02-21,5820,815,83,0,1072.5,1322.929483650626,1444.026368003012,0.9161394167052166,5.302483542636072,7014.81181512548,0.0335,Low
P007,2026-02-22,9070,864,87,0,1426.0,1348.6971188942944,1442.754351240273,0.9348071682381734,5.6124229164748884,7569.458617465995,0.0337,Low
P007,2026-02-23,7466,614,265,0,1318.6,1341.172837822462,1434.0074788769075,0.935262087698613,6.236200692787003,8363.82298037555,0.1032,Low
P007,2026-02-24,9940,277,245,0,1377.5,1350.2546295873556,1430.0323440963082,0.9442126436647182,6.902766746954443,9320.492757036887,0.0935,Low
P007,2026-02-25,7689,1041,255,0,1544.4,1398.790977082645,1438.0666722543021,0.9726885368694524,7.986514089655293,11171.463846953238,0.0293,Low
P007,2026-02-26,6802,744,154,0,1206.2,1350.6432291722635,1421.798933534817,0.9499537436807703,8.865593129861923,11974.253333444141,0.0425,Low
P007,2026-02-27,9544,846,423,0,1800.4,1463.082428254063,1448.3298526264246,1.0101859155212651,6.206975999786399,9081.317517882175,0.3626,Medium
P007,2026-02-28,7839,627,82,0,1179.4,1392.1618181748554,1429.5051820029628,0.9738767133991424,6.505040748003968,9056.069355042726,0.3737,Medium
P007,2026-03-01,5225,364,260,0,964.5,1285.2463602214405,1396.9891304843331,0.9200117044401994,4.74452599369221,6097.884764368925,0.0146,Low
P007,2026-03-02,8693,365,323,0,1374.8000000000002,1307.6347707015814,1395.4390178013416,0.9370776828292492,4.826487063593668,6311.282304696455,0.0055,Low
P007,2026-03-03,7205,884,394,0,1556.5,1369.8510791422846,1406.6805478090762,0.9738181647124248,4.853953402407392,6649.19330639413,0.1015,Low
P007,2026-03-04,9275,759,144,0,1451.0,1390.138309629663,1409.771331579126,0.9860736054348562,5.055147958001115,7027.354837263511,0.1908,Low
P007,2026-03-05,4702,624,212,0,994.2,1291.1537312234245,1380.8122934524704,0.9350682406255573,4.232941798389489,5465.378597042181,0.0,Low
P007,2026-03-06,6449,800,241,0,1285.9,1289.840298407628,1374.2030961353698,0.9386096514037195,5.742722945409416,7407.195477579215,0.0127,Low
P007,2026-03-07,7592,645,250,0,1331.7,1300.30522386512,1371.245381606841,0.9482658843005537,5.82866412756023,7579.0424132217995,0.0363,Low
P007,2026-03-08,8593,512,374,0,1489.3000000000002,1347.553918099978,1379.4554791998366,0.9768737945155713,7.312784878878458,9854.37191575494,0.0556,Low
P007,2026-03-09,7782,845,304,0,1504.7,1386.840438700416,1388.1605542539878,0.9990490109087047,7.187090506971742,9967.347751668285,0.0274,Low
P007,2026-03-10,8279,1126,262,0,1652.9,1453.3553291845863,1406.551258734083,1.0332757585812196,6.893587624189787,10018.832310817137,0.0803,Low
P007,2026-03-11,7011,948,119,0,1294.1,1413.5414968169368,1398.7435030711524,1.0105794833774016,6.691594366338763,9458.846316686277,0.0876,Low
P007,2026-03-12,8093,830,212,0,1436.3000000000002,1419.2311226203662,1401.3499223068711,1.0127599751505747,10.593802812433221,15035.054658308394,0.051,Low
P007,2026-03-13,7737,275,178,0,1089.2,1336.7233418819246,1379.6961386658702,0.968853427020508,7.382910195113599,9868.908388826381,0.0672,Low
P007,2026-03-14,8069,888,130,0,1380.9,1347.7675064198113,1379.7796165585678,0.976799106522104,7.532915653070476,10152.61894580956,0.0184,Low
P007,2026-03-15,9828,580,330,0,1602.8000000000002,1411.5256298510885,1395.238431193981,1.0116734087710268,7.340753423344894,10361.661599468436,0.1296,Low
P007,2026-03-16,8570,646,411,1,1591.0,1456.3942224074385,1408.8030318048268,1.0337812875117323,7.246855605385234,10554.278634304015,0.703,High
P007,2026-03-17,6139,1115,333,0,1504.4,1468.3956668094152,1415.4249249884883,1.0374239074863816,8.111765059119971,11911.280662987785,0.0603,Low
P007,2026-03-18,6924,1257,208,0,1528.9,1483.5217501106874,1423.2828306300883,1.0423239202785102,8.391760227268042,12449.358818865947,0.0566,Low
P007,2026-03-19,8363,918,220,0,1515.3000000000002,1491.466312584444,1429.6530237623733,1.0432365597542215,8.357795845241604,12465.370950636083,0.1017,Low
P007,2026-03-20,9146,1078,58,0,1511.6,1496.4997344390117,1435.324583996781,1.0426211190821189,20.60232686187431,30831.37667762062,0.0485,Low
P007,2026-03-21,9886,341,336,0,1495.1,1496.1498008292235,1439.4606361407161,1.0393822191947342,34.580276704924934,51737.27410469288,0.0502,Low
P007,2026-03-22,9620,512,192,0,1410.0,1474.6123506202841,1437.4226245504967,1.02587249927466,27.561304180038498,40642.239543087235,0.0914,Low
P007,2026-03-23,6271,775,202,0,1216.6,1410.1092629615434,1422.149915920532,0.9915334784754182,12.594995449121113,17760.319749764167,0.0413,Low
P007,2026-03-24,9099,1233,373,0,1899.4,1532.431947226377,1455.1513526184951,1.0531082790375965,7.532720196584345,11543.381078763205,0.0609,Low
P007,2026-03-25,7086,777,65,0,1162.1,1439.8489604168199,1434.8908217208004,1.0034554048199427,5.957295731721458,8577.6060662147,0.1729,Low
P007,2026-03-26,6721,1129,395,0,1631.6,1487.7867203137655,1448.4882721833346,1.0271306565705838,5.948892994964595,8850.683998475908,0.0523,Low
P007,2026-03-27,6078,662,231,0,1169.8000000000002,1408.2900402338933,1429.2271114700243,0.9853507669133816,5.139272318778302,7237.586020585229,0.3586,Medium
P007,2026-03-28,8350,597,276,0,1409.5,1408.592530175424,1427.863900925501,0.9865033490918712,5.171959384198052,7285.183354952062,0.2803,Low
P007,2026-03-29,7219,835,288,0,1427.4,1413.2943976316155,1427.8318482122752,0.9898185066420486,5.1885510591805,7332.950143765385,0.092,Low
P007,2026-03-30,7939,709,222,0,1370.4,1402.5707982236304,1423.8641684764798,0.9850453571522299,5.405744398433078,7581.939235903201,0.2496,Low
P007,2026-03-31,7797,729,207,0,1351.2,1389.7280986676496,1418.8447635383025,0.9794786044155895,8.61086381646794,11966.759399546052,0.0969,Low
P008,2026-01-01,11380,1027,380,0,2031.5,0.0,0.0,0.0,0.0,0.0,0.0,Low
P008,2026-01-02,10038,1468,347,0,2084.8,0.0,0.0,0.0,0.0,0.0,0.0085,Low
P008,2026-01-03,10377,1250,153,0,1815.7,1955.4675675675676,0.0,0.0,13.723263301193912,26835.396306674927,0.0236,Low
P008,2026-01-04,8848,758,324,0,1587.8000000000002,1821.0062857142855,0.0,0.0,8.026634432308551,14616.551754364587,0.0648,Low
P008,2026-01-05,13137,1785,374,0,2580.2,2069.8585147247118,0.0,0.0,5.598862694529107,11588.853621045615,0.0565,Low
P008,2026-01-06,11290,576,256,0,1673.0,1949.1626076626076,0.0,0.0,5.418391128667927,10561.325381690316,0.0711,Low
P008,2026-01-07,9357,930,293,0,1693.7,1875.4586673240824,0.0,0.0,5.456552554016849,10233.538781140258,0.0678,Low
P008,2026-01-08,9830,522,385,0,1629.0,1806.9893361593895,0.0,0.0,5.073914585120445,9168.509547896238,0.088,Low
P008,2026-01-09,8929,1188,517,1,2003.9,1860.2133072947815,0.0,0.0,5.3285279014914115,9912.198510645861,0.8102,High
P008,2026-01-10,9159,357,281,0,1375.4,1731.7772973349897,0.0,0.0,4.39445193923416,7610.2121025954375,0.0668,Low
P008,2026-01-11,12190,1703,187,0,2257.5,1869.003750936297,0.0,0.0,4.482913657038,8378.582440127573,0.0454,Low
P008,2026-01-12,11283,976,299,0,1915.3,1880.9564304873118,0.0,0.0,6.511000226073397,12246.907744137096,0.0605,Low
P008,2026-01-13,14505,665,335,0,2118.0,1941.6594607829124,0.0,0.0,6.332524748854598,12295.606589255467,0.074,Low
P008,2026-01-14,11240,1442,320,0,2165.0,1998.5075111940819,1934.3763428100472,1.0331534027961373,6.312560544950052,12615.699663950085,0.0768,Low
P008,2026-01-15,11000,998,337,0,1936.0,1982.6689757446245,1934.546613512145,1.0248752610289196,6.858703417218752,13598.53847915326,0.099,Low
P008,2026-01-16,10023,1302,273,0,1926.3000000000002,1968.4340610124639,1933.7117757393817,1.0179562825903787,6.812986003746341,13410.913706975487,0.0728,Low
P008,2026-01-17,11104,1107,423,0,2086.9,1998.2748574391,1948.734861920144,1.0254216139059198,14.875230983299625,29724.80007252674,0.0287,Low
P008,2026-01-18,10461,584,436,1,1774.1000000000001,1941.9133934839645,1932.0928633470246,1.0050828406193164,13.993000657804307,27173.195392420108,0.1038,Low
P008,2026-01-19,9180,920,250,0,1628.0,1863.1018074562567,1903.8574891343412,0.9785930975944284,9.546256000947265,17785.646809804985,0.014,Low
P008,2026-01-20,12600,475,624,0,2121.5,1927.9068661680828,1923.5944188964318,1.002241864088848,9.852427616197366,18994.562849690938,0.1947,Low
P008,2026-01-21,12122,1183,304,0,2107.7,1972.962309896862,1939.935135982701,1.017024880436109,10.603758266193996,20920.81540245805,0.0249,Low
P008,2026-01-22,10967,1272,374,0,2106.7,2006.4564795474041,1954.4494727568203,1.0266095374935074,10.219182242754128,20504.344426649794,0.0151,Low
P008,2026-01-23,11372,1143,290,0,1998.7,2004.5147619238503,1958.2324504701912,1.023634733050307,10.23214955533652,20510.494829884614,0.0151,Low
P008,2026-01-24,10311,1057,423,0,1982.6000000000001,1999.0305686511936,1960.2817684304762,1.0197669491432717,10.53070703559682,21051.205273668234,0.1156,Low
P008,2026-01-25,11429,234,376,0,1635.9,1908.1795571540256,1933.4078978252019,0.9869513564266144,8.771724507983501,16738.02538712107,0.0276,Low
P008,2026-01-26,10830,1110,271,0,1909.0,1908.3847836969385,1931.4134750943658,0.9880767626532844,11.136744037042927,21253.192860220337,0.0097,Low
P008,2026-01-27,12224,1400,233,0,2155.4,1970.1647395798793,1949.4855453556836,1.0106075083077097,11.1675166401567,22001.847513108292,0.0097,Low
P008,2026-01-28,11149,824,172,0,1698.9,1902.3270176143653,1929.501543636079,0.9859162922307555,9.720790610701098,18492.122611308743,0.0632,Low
P008,2026-01-29,9598,1375,405,0,2052.3,1939.8291928332228,1939.19014571366,1.000329538141311,10.301820787898702,19983.772703702056,0.014,Low
P008,2026-01-30,11308,1333,362,0,2159.3,1994.7066947639153,1956.3856605829524,1.0195876634945624,9.573849044788817,19097.02078429937,0.0194,Low
P008,2026-01-31,9576,1245,390,0,1970.1,1988.5541970285074,1957.4473363275815,1.0158915389265954,9.5605430932539,19011.65809396195,0.0194,Low
P008,2026-02-01,11670,1472,381,0,2284.0,2062.4230680786627,1982.5151644286016,1.0403063213239172,10.64412066323836,21952.679995275546,0.014,Low
P008,2026-02-02,11065,1437,307,0,2132.0,2079.8186116274064,1993.9015652389123,1.0430899084766505,11.046055905562746,22973.792657466223,0.0186,Low
P008,2026-02-03,9215,1067,235,0,1690.0,1982.3584517839793,1970.918697928754,1.0058042697596834,8.667953059753337,17182.990007668832,0.0258,Low
P008,2026-02-04,9526,1072,231,0,1719.6,1916.666054901474,1952.038217429078,0.9818793648451286,8.545958074255445,16379.747747536581,0.0387,Low
P008,2026-02-05,10076,548,331,0,1612.6,1840.6471250075172,1926.6938255775794,0.955339707336393,6.936842804248509,12768.279764269102,0.0182,Low
P008,2026-02-06,10540,871,376,0,1865.5,1846.8604918688302,1922.1506427707816,0.960830249807204,7.472319931450357,13800.33246399967,0.0274,Low
P008,2026-02-07,11945,634,234,0,1745.5,1821.519915853337,1909.1045011243407,0.9541226817281878,7.270608329272448,13243.55787213892,0.0291,Low
P008,2026-02-08,9385,834,393,0,1748.5,1803.2646921097196,1897.3010980717897,0.9504367464067743,10.627200347348952,19163.65516235051,0.0236,Low
P008,2026-02-09,10248,1036,110,0,1652.8,1765.648140788238,1879.412831596367,0.9394679560072083,21.73933675200623,38384.019518149216,0.0199,Low
P008,2026-02-10,11491,744,316,0,1837.1000000000001,1783.5112403225148,1876.3300646128123,0.9505317131851383,19.629554807398936,35009.53164152286,0.0212,Low
P008,2026-02-11,10954,1524,179,0,2036.4,1846.7337878810363,1887.947006148713,0.978170346987942,12.92517828344173,23869.363450418055,0.0173,Low
P008,2026-02-12,6009,1171,490,0,1676.4,1804.1501602445476,1872.6493630738644,0.9634212288673781,13.709119761218016,24733.31061401318,0.1524,Low
P008,2026-02-13,12397,1179,261,0,2090.2,1875.6628477343793,1888.3286584983891,0.993292576141376,10.857698563714235,20365.381807857724,0.0229,Low
P008,2026-02-14,11749,824,358,0,1944.9,1892.9721771090628,1892.3932382778164,1.0003059241686543,10.906314087050557,20645.349121599334,0.0137,Low
P008,2026-02-15,11296,1434,586,0,2432.6000000000004,2027.879374296267,1931.0948296665124,1.0501189960439585,7.523389873418914,15256.52714909562,0.1571,Low
P008,2026-02-16,11127,963,307,0,1901.2,1996.209488208796,1928.9588162178757,1.0348637104519123,8.389302540346678,16746.805330494197,0.1083,Low
P008,2026-02-17,7885,907,269,0,1511.0,1874.906994029967,1899.1693084530673,0.9872247702259309,6.311112203473357,11832.748410400074,0.0736,Low
P008,2026-02-18,9752,1162,228,0,1784.2,1852.2302283993506,1890.9938815102137,0.9795009051669094,6.19507582988253,11474.706719334616,0.0657,Low
P008,2026-02-19,12220,1116,309,0,2089.0,1911.4227048214943,1905.0439016382722,1.0033483706828241,6.668343695807447,12746.023543719632,0.0593,Low
P008,2026-02-20,10046,1162,392,0,1977.6,1927.9670356431805,1910.1820661846677,1.0093106095383513,6.847917652485381,13202.559496790847,0.0593,Low
P008,2026-02-21,9238,918,280,0,1662.8000000000002,1861.6752556147458,1892.695714949426,0.983610429861615,6.1718780295454865,11490.032608277126,0.0793,Low
P008,2026-02-22,8519,870,262,0,1548.9,1783.4814230292275,1868.4360353345148,0.9545316937567014,8.13046759872799,14500.53792287242,0.0327,Low
P008,2026-02-23,11850,1195,329,0,2111.5,1865.4860819661478,1885.5602799044702,0.9893537172766088,7.445003020471331,13888.5495148852,0.0478,Low
P008,2026-02-24,11815,1075,349,0,2068.0,1916.1145682786128,1898.39437710945,1.0093342991790784,8.468617890203426,16226.842112603674,0.0529,Low
P008,2026-02-25,10383,1195,252,0,1887.8,1909.0359254954815,1897.6501220868715,1.0059999434121656,8.622885980691223,16461.39911859088,0.0442,Low
P008,2026-02-26,6880,1076,452,1,1678.0,1851.2769397553311,1882.2394951042522,0.9835501458422496,8.437120613750134,15619.446830169969,0.6861,High
P008,2026-02-27,11928,1405,434,1,2329.3,1970.782711592011,1913.5677905979285,1.0298995995732185,6.923229759546173,13644.181518492913,0.6848,High
P008,2026-02-28,10671,1175,248,0,1902.6000000000001,1953.7370329691908,1912.8000623466514,1.0214015888091834,7.361136115785581,14381.724234137275,0.0819,Low
P008,2026-03-01,10064,1301,430,0,2086.9,1987.0277757885872,1924.9742117136375,1.032236044189573,9.578234466870228,19032.217928686732,0.3798,Medium
P008,2026-03-02,10329,981,310,0,1833.4,1948.620830922797,1918.5769197101279,1.015659471740447,9.227211197412819,17980.335950602705,0.0194,Low
P008,2026-03-03,11440,683,80,0,1565.5,1852.8406214738964,1893.9333050135265,0.9783029881707653,7.314889618098175,13553.324626009975,0.1969,Low
P008,2026-03-04,9712,750,259,0,1605.2,1790.9304652724675,1873.7974015018078,0.9557759308873608,6.475308789449994,11596.827783072576,0.0843,Low
P008,2026-03-05,10317,980,455,0,1976.7,1837.3728494229863,1880.9681566689594,0.9768229372413161,6.876575434292315,12634.83299997778,0.6177,Medium
P008,2026-03-06,11028,1206,372,0,2077.8,1897.479637522129,1894.6745001102856,1.0014805326175418,9.001624780838815,17080.399726256248,0.0229,Low
P008,2026-03-07,8830,1428,302,0,1899.0,1897.8597281437542,1894.975503920131,1.0015220324497263,9.007934819573086,17095.796727811634,0.0229,Low
P008,2026-03-08,11544,794,155,0,1706.4,1849.994795904054,1881.8610378204098,0.9830666286688575,9.651955107571647,17856.0667193071,0.0974,Low
P008,2026-03-09,11765,1229,220,0,2011.0,1890.246097056553,1890.8367946120557,0.9996875946384893,9.149732323326251,17295.245813279635,0.027,Low
P008,2026-03-10,9234,1453,191,0,1840.9,1877.909572762874,1887.3678259821424,0.9949886487207479,11.062026587747898,20773.48562328921,0.0173,Low
P008,2026-03-11,13002,846,374,0,2097.2,1932.7321796706128,1901.9369678787853,1.0161914943292039,13.897763403454904,26860.65455530587,0.0192,Low
P008,2026-03-12,10045,1297,256,0,1909.0,1926.7991347449681,1902.4271419974766,1.0128109939567997,13.883827854297236,26751.347496608,0.0097,Low
P008,2026-03-13,10294,1128,210,0,1803.4,1895.9493510275615,1895.5576470715996,1.0002066378484984,14.581373780526308,27645.546156279153,0.0138,Low
P008,2026-03-14,11650,962,287,0,1933.0,1905.212013277689,1898.1539666239323,1.003718368868215,14.563554972478007,27746.659889595125,0.0097,Low
P008,2026-03-15,9047,347,291,0,1369.2,1771.2090098821204,1861.4891506348,0.9515011139136086,7.543378971810272,13360.90079982568,0.0182,Low
P008,2026-03-16,14157,1351,308,0,2399.2,1928.2067574784999,1898.7479086241433,1.0155148761799317,6.183418231874323,11922.908819015827,0.0623,Low
P008,2026-03-17,10144,1123,365,0,1940.9,1931.3800681098892,1901.667736018554,1.0156243498127067,6.218861563634496,12010.985270338364,0.0798,Low
P008,2026-03-18,8767,1450,381,0,1982.7,1944.2100510854925,1907.27904655725,1.019363183589351,6.422897549414917,12487.46197266486,0.0529,Low
P008,2026-03-19,11616,1247,312,0,2097.1000000000004,1982.4325383209919,1920.4200303786913,1.0322911116518405,6.3681290414601355,12624.38622001744,0.1052,Low
P008,2026-03-20,11548,1293,275,0,2076.3,2005.8994037439084,1931.2085021153575,1.0386757261890576,6.479670961894816,12997.568118921528,0.1352,Low
P008,2026-03-21,9678,1146,465,1,2005.8000000000002,2005.874552807929,1936.3697263338306,1.0358943930851208,6.485340994775324,13008.780467701883,0.6856,High
P008,2026-03-22,8680,676,326,0,1532.0,1887.4059145969607,1908.396461090477,0.9890009456569986,7.334730918861934,13843.614518237213,0.0603,Low
P008,2026-03-23,10615,1168,334,0,1979.5,1910.4294359490302,1913.3141801626737,0.9984922736534985,10.039421776333503,19179.606881415224,0.0283,Low
P008,2026-03-24,10203,1563,150,0,1951.8000000000002,1920.772076962214,1915.975441814582,1.0025034898767045,10.093432991115801,19387.184250024427,0.0516,Low
P008,2026-03-25,9296,1085,146,0,1618.1,1845.1040577192389,1895.3813905036993,0.9734737595445966,8.186364407357297,15104.694185983302,0.114,Low
P008,2026-03-26,10274,1614,312,0,2146.4,1920.4280432912371,1912.732960662544,1.0040230773174927,8.22785293394677,15800.999510427459,0.0347,Low
P008,2026-03-27,10884,738,248,0,1705.4,1866.6710324674602,1898.4034252098982,0.9832846895691961,8.14612722848229,15206.139724202329,0.0568,Low
P008,2026-03-28,9975,1021,438,0,1946.0,1886.5032743508627,1901.692510524575,0.9920127749308693,8.446599336044967,15934.537304578653,0.536,Medium
P008,2026-03-29,11375,782,335,0,1863.5,1880.7524557630888,1899.053641921537,0.9903629915142574,10.586698075293807,19910.958403531193,0.018,Low
P008,2026-03-30,11286,1458,468,0,2325.6000000000004,1991.9643418231612,1928.5216007981178,1.032897080680775,8.178917052772743,16292.111123852686,0.3089,Low
P008,2026-03-31,9016,873,184,0,1522.1,1874.4982563667018,1900.4473155926328,0.986345809811993,6.485860933868529,12157.735011573466,0.1009,Low
P009,2026-01-01,8901,1165,234,0,1706.6,0.0,0.0,0.0,0.0,0.0,0.0,Low
P009,2026-01-02,7722,914,158,0,1387.2,0.0,0.0,0.0,0.0,0.0,0.0,Low
P009,2026-01-03,11336,386,260,0,1586.6000000000001,1551.118918918919,0.0,0.0,9.614186542450717,14912.746636010976,0.0052,Low
P009,2026-01-04,11237,870,222,0,1780.7,1635.08,0.0,0.0,9.517322222040226,15561.583218813532,0.0485,Low
P009,2026-01-05,7665,814,379,0,1552.5,1608.01152368758,0.0,0.0,10.620317866920155,17077.593515232707,0.0781,Low
P009,2026-01-06,4884,1328,99,0,1251.4,1499.5558657558656,0.0,0.0,7.602004345280785,11399.63020746738,0.0054,Low
P009,2026-01-07,7802,740,300,0,1450.2,1485.3161231246038,0.0,0.0,8.092596342211468,12020.063825025887,0.0127,Low
P009,2026-01-08,5804,1007,444,0,1527.9,1497.1464620601948,0.0,0.0,8.98353687908339,13449.670455306981,0.3625,Medium
P009,2026-01-09,6157,925,175,0,1253.2,1431.2089490680976,0.0,0.0,7.584310490462577,10854.733046461091,0.0052,Low
P009,2026-01-10,8840,874,177,0,1498.0,1448.903133517327,0.0,0.0,7.885353802035035,11425.11383266133,0.0052,Low
P009,2026-01-11,8933,1410,222,0,1820.3000000000002,1545.846778156791,0.0,0.0,7.925561477062888,12251.703674401244,0.0,Low
P009,2026-01-12,9281,480,146,0,1314.1,1486.0148256269708,0.0,0.0,7.399895183788763,10996.353951195719,0.0309,Low
P009,2026-01-13,8910,1314,277,0,1825.0,1572.8234547411391,0.0,0.0,7.012155212204432,11028.88218604046,0.0158,Low
P009,2026-01-14,7732,868,116,0,1323.2,1509.2854746293367,1514.7007713507992,0.996424834008052,6.385663669601191,9637.789422397345,0.2015,Low
P009,2026-01-15,9108,1133,196,0,1673.3000000000002,1550.8444780944294,1531.3328548850473,1.0127415884924842,6.341396640901378,9834.519963948465,0.0817,Low
P009,2026-01-16,7497,948,198,0,1421.7,1518.2314917926708,1520.2342811178762,0.9986825719319009,6.905234646263327,10483.744698174807,0.0421,Low
P009,2026-01-17,8102,1498,217,0,1776.2,1583.2120744283923,1545.336700528031,1.0245094571573463,6.798184597694729,10762.967939263417,0.0138,Low
P009,2026-01-18,7664,674,316,0,1419.4,1542.0268655526825,1533.3354404849522,1.0056683063480867,7.122294972422346,10982.77019186606,0.0978,Low
P009,2026-01-19,7930,674,373,0,1503.0,1532.2287198356087,1530.5187597362765,1.0011172356283007,7.860944102530729,12044.764318919937,0.0865,Low
P009,2026-01-20,10331,688,55,0,1432.1000000000001,1507.1169049896587,1521.5936460695536,0.9904857968997518,9.392532665345348,14155.64476060955,0.1762,Low
P009,2026-01-21,9713,663,320,0,1622.8000000000002,1536.1066281594108,1530.576450322402,1.0036131274590776,10.803751787666364,16595.714730023385,0.09,Low
P009,2026-01-22,5246,1136,120,0,1212.6,1455.0854449889084,1502.9014522740144,0.9681841967119013,8.189527933814864,11916.462897824096,0.0691,Low
P009,2026-01-23,9298,873,146,0,1512.3000000000002,1469.4082455725822,1503.7049341487063,0.977191869515638,8.364463632025355,12290.811830690047,0.1059,Low
P009,2026-01-24,7591,1074,252,0,1548.1,1489.10094366093,1507.4385720217226,0.98783523350172,11.401219885957962,16977.567291065763,0.007,Low
P009,2026-01-25,9078,1461,85,0,1723.3000000000002,1547.6948021706078,1525.3219201279564,1.0146676394017193,9.654062209474667,14941.541901435634,0.0443,Low
P009,2026-01-26,10627,900,151,0,1663.7,1576.7124794253477,1536.6290957775232,1.0260852625380559,9.237111770085011,14564.2694017398,0.0711,Low
P009,2026-01-27,6206,812,333,0,1359.6,1522.4113736016589,1522.345726460834,1.0000431157911458,8.47487237164208,12902.242088410367,0.0302,Low
P009,2026-01-28,8010,1322,96,0,1558.0,1531.3113557610957,1525.1891269558887,1.0040140718661466,8.745826087363165,13392.582803090847,0.0443,Low
P009,2026-01-29,8183,493,278,0,1342.8000000000002,1484.1722925642425,1510.7989161448006,0.9823757926221838,10.462265009947888,15527.803845229015,0.0612,Low
P009,2026-01-30,9532,742,20,0,1344.2,1449.1729691708558,1497.783805353581,0.9675448180942924,9.140706864279267,13246.465306828008,0.1789,Low
P009,2026-01-31,8500,999,282,0,1631.5,1494.7608327601165,1508.1352511070497,0.9911318111234163,9.045332269734802,13520.608396100746,0.0148,Low
P009,2026-02-01,10055,547,309,0,1588.0,1518.0729663304533,1514.2660717044525,1.0025140130073544,10.565197129818863,16038.740146730112,0.0539,Low
P009,2026-02-02,9990,335,273,0,1439.5,1498.4282447278867,1508.5710695580126,0.9932765283866521,12.050277713687414,18056.476483004204,0.0612,Low
P009,2026-02-03,7445,844,276,0,1442.5,1484.4453934520425,1503.5743772129163,0.9872776538869275,12.777159571436176,18966.995667220104,0.0281,Low
P009,2026-02-04,7471,666,245,0,1325.1,1444.607356818091,1490.1663736444132,0.9694268859327633,11.778888453939995,17015.868915701387,0.1106,Low
P009,2026-02-05,6571,543,309,0,1237.6,1392.8538726924567,1471.3083287529494,0.9466770737349391,9.800254999304052,13650.323129154258,0.0427,Low
P009,2026-02-06,6478,1068,287,0,1468.8000000000002,1411.840857127878,1471.1221041468452,0.9597033744181418,10.279666803980795,14513.253591521241,0.0052,Low
P009,2026-02-07,5613,665,361,0,1254.8000000000002,1372.5799409245801,1455.146114658837,0.9432591804114417,10.83777388913573,14875.711044503878,0.0539,Low
P009,2026-02-08,6730,729,287,0,1324.5,1360.5597945179338,1445.5444612943763,0.9412092270669853,14.42388773844419,19624.561737567372,0.0089,Low
P009,2026-02-09,9377,793,181,0,1515.2,1399.2202346804593,1450.6406217929662,0.9645533180406286,12.869803839949245,18007.68994922526,0.0298,Low
P009,2026-02-10,10335,1390,339,0,2067.5,1566.2914361346684,1495.5828686927402,1.0472782608368272,5.424667174548695,8496.609739376468,0.035,Low
P009,2026-02-11,8330,626,158,0,1304.0,1500.7182061644423,1481.6789024076272,1.0128498108445625,5.167102905621369,7754.365403591179,0.3408,Low
P009,2026-02-12,8985,994,381,0,1776.5,1569.66394713404,1502.9983623423745,1.044355054548575,5.318226544874177,8347.828470180228,0.0383,Low
P009,2026-02-13,9177,417,346,0,1472.2,1545.297882818532,1500.7786647649248,1.02966407292573,5.237713382523742,8093.82740082423,0.1585,Low
P009,2026-02-14,6705,753,266,0,1313.0,1487.2232735203072,1487.2870037303421,0.9999571433022366,5.188031323130315,7715.7609275117575,0.2085,Low
P009,2026-02-15,11195,1801,302,0,2322.0,1695.917828673453,1547.0876645096978,1.0962002067600483,4.3356467677964785,7352.900652336479,0.0244,Low
P009,2026-02-16,7927,1029,330,0,1637.2,1681.2383517994763,1553.5262748862267,1.0822078571542177,4.36475288997839,7338.189954759269,0.0244,Low
P009,2026-02-17,7721,1407,264,0,1739.6,1695.8287785391622,1566.7884539910071,1.082359755329993,4.826721680135201,8185.293531172169,0.0244,Low
P009,2026-02-18,8948,1068,283,0,1711.8000000000002,1699.8215869193234,1577.1001738423163,1.077814589291353,5.378434451471172,9142.378984441288,0.0469,Low
P009,2026-02-19,9460,683,185,0,1472.5,1642.9911580051898,1569.6780064916707,1.0467058471503465,5.037369852397942,8276.354127091729,0.2014,Low
P009,2026-02-20,6551,1000,319,0,1474.1,1600.7683505701248,1562.9095123821564,1.0242233012505193,4.910750816074927,7860.9744839091545,0.0669,Low
P009,2026-02-21,8888,1371,241,0,1815.3000000000002,1654.4012800126816,1580.7498869209676,1.0465926856836585,5.742462309618094,9500.336995456753,0.077,Low
P009,2026-02-22,9205,541,203,0,1394.0,1589.3009444559377,1567.5720251041323,1.013861506115961,9.920688874423389,15766.960197774606,0.1232,Low
P009,2026-02-23,9245,1123,212,0,1698.0,1616.475713211338,1576.7608842752343,1.0251875976124831,9.870988305899678,15956.212861879958,0.0587,Low
P009,2026-02-24,8094,413,206,0,1221.9,1517.8317716516667,1551.7974657792583,0.9781120251464933,7.268209958153913,11031.919997521041,0.104,Low
P009,2026-02-25,9537,1041,291,0,1765.2,1579.6738349720024,1566.788994425441,1.0082237177502318,7.282100174876013,11503.343109896681,0.0148,Low
P009,2026-02-26,8276,871,175,0,1438.1,1544.2803735534396,1557.7601895651617,0.9913466616906217,7.041335514619714,10873.796238832034,0.0738,Low
P009,2026-02-27,9250,995,290,0,1712.5,1586.3352825494296,1568.6037654410234,1.011304006394745,7.046546706043385,11178.185659929086,0.0148,Low
P009,2026-02-28,7413,222,351,0,1203.3000000000002,1490.5764578402075,1543.0330710953488,0.9660042134560692,6.313054221835235,9410.090000136332,0.1936,Low
P009,2026-03-01,7483,610,311,0,1364.3000000000002,1459.0073423733672,1530.5349442512866,0.9532662670138694,6.120313873273871,8929.58287873616,0.119,Low
P009,2026-03-02,7614,1186,303,0,1657.4,1508.6055079663477,1539.3976228534677,0.9799972896995801,6.480158625585514,9776.002995053945,0.0837,Low
P009,2026-03-03,9227,459,362,0,1514.2,1510.0041309998505,1537.6389111557987,0.9820277766283544,7.437623410682136,11230.842074951222,0.0652,Low
P009,2026-03-04,8594,758,256,0,1494.4,1506.1030981974025,1534.6234829808463,0.981415379789315,8.731329362880487,13150.282204816254,0.0914,Low
P009,2026-03-05,5537,991,138,0,1187.2,1426.3773228435637,1510.4133194656997,0.9443622451002447,6.915646391190776,9864.321185199453,0.0338,Low
P009,2026-03-06,6173,412,352,0,1175.3000000000002,1363.6079916576334,1487.0777749184956,0.9169715299945596,7.153674404827254,9754.807588139109,0.0545,Low
P009,2026-03-07,7258,1329,188,0,1578.3000000000002,1417.280994047874,1493.4257665939483,0.9490133465355489,7.524532818354003,10664.377352542611,0.0083,Low
P009,2026-03-08,5641,533,365,0,1195.6,1361.8607452999809,1472.7135010110649,0.9247289001681122,6.5731960719874065,8951.777701599676,0.082,Low
P009,2026-03-09,7968,704,257,0,1405.8000000000002,1372.8455590100575,1468.0627023596273,0.9351409496692913,7.872529220149272,10807.76677805884,0.0183,Low
P009,2026-03-10,8954,1204,386,0,1883.4,1500.4841695631824,1496.9150159200083,1.0023843328321063,5.7406893035217355,8613.813422315056,0.0474,Low
P009,2026-03-11,7662,471,200,0,1201.7,1425.7881270382384,1476.4175422742737,0.96570792242476,5.276382688786046,7523.00379138124,0.2664,Low
P009,2026-03-12,8592,579,146,0,1294.7,1393.0160952345366,1463.8063528295147,0.9516395956510657,5.34476873263939,7445.348869872966,0.1505,Low
P009,2026-03-13,8717,854,245,0,1543.7,1430.687071463958,1469.348560680585,0.9736880002552972,5.798966204247339,8296.50597627309,0.1392,Low
P009,2026-03-14,7064,799,149,0,1254.9,1386.740303564672,1454.478314888892,0.953427960963671,5.602934124458496,7769.814568604435,0.0596,Low
P009,2026-03-15,9537,1179,57,0,1600.2,1440.1052277038282,1464.5791159176208,0.9832894667275428,6.007439933116341,8651.34565279758,0.1088,Low
P009,2026-03-16,6807,419,176,0,1066.2,1346.628920738033,1436.9748541001286,0.9371276800873809,4.775970396500292,6431.4598605159845,0.0502,Low
P009,2026-03-17,8076,434,149,0,1173.6,1303.371690539698,1418.7311777154048,0.9186882630236167,6.632567747732432,8644.701037981098,0.0912,Low
P009,2026-03-18,6696,931,248,0,1383.1,1323.3037679095517,1416.2637950557473,0.9343624847190551,6.872921929536653,9094.963485904038,0.018,Low
P009,2026-03-19,7119,921,187,0,1359.4,1332.3278259337862,1412.3272106202537,0.9433563316500166,6.93693462522879,9242.271027875877,0.036,Low
P009,2026-03-20,7794,1370,375,0,1839.4,1459.0958694674339,1441.884970535886,1.0119363813091051,5.536980356098776,8078.985166906045,0.0379,Low
P009,2026-03-21,6252,1117,322,0,1505.7,1470.7469021017537,1446.3005364504108,1.0169026802287675,5.649672819002826,8309.238796436888,0.0401,Low
P009,2026-03-22,6479,1114,395,0,1599.9,1503.0351765787645,1456.926155173318,1.0316481456010926,5.774478584692396,8679.24443919343,0.0385,Low
P009,2026-03-23,6518,593,343,0,1291.3000000000002,1450.1013824310621,1445.4709883188686,1.0032033739297286,6.579252467231193,9540.583098094929,0.1199,Low
P009,2026-03-24,8609,1034,275,0,1652.9,1500.8010368254595,1459.8145277475094,1.0280765111033845,7.783119867091268,11680.914366267409,0.044,Low
P009,2026-03-25,8788,470,346,0,1459.8000000000002,1490.5507776187667,1459.8135233505848,1.0210555961881196,8.01867904116085,11952.24828027761,0.0581,Low
P009,2026-03-26,9956,800,237,0,1632.6,1526.0630832149275,1471.757325756701,1.036898574336173,8.855024199855457,13513.325532374214,0.1214,Low
P009,2026-03-27,5905,1023,298,0,1400.0,1494.5473124106281,1466.797915829153,1.0189183432106292,11.250083537279009,16813.782115035396,0.0185,Low
P009,2026-03-28,8108,1206,208,0,1621.8000000000002,1526.3604843084006,1477.509087400614,1.0330633408577525,10.913329940177798,16657.675572907152,0.0337,Low
P009,2026-03-29,9049,563,239,0,1425.4,1501.120363231045,1473.9086685544648,1.0184622596179216,10.772982648401776,16171.54362625062,0.0743,Low
P009,2026-03-30,7940,936,204,0,1466.0,1492.3402724232171,1473.3622981182446,1.0128807179336703,13.762939347422027,20538.988655076002,0.0171,Low
P009,2026-03-31,8004,1116,198,0,1556.4,1508.3552043175039,1479.0982730783808,1.0197802414983757,15.990475451405729,24119.316866639118,0.0131,Low
P010,2026-01-01,9076,1098,61,0,1517.6,0.0,0.0,0.0,0.0,0.0,0.0,Low
P010,2026-01-02,7486,532,216,0,1230.6,0.0,0.0,0.0,0.0,0.0,0.0,Low
P010,2026-01-03,6893,613,111,0,1106.8000000000002,1246.8756756756757,0.0,0.0,5.916831476897057,7377.553245615124,0.0245,Low
P010,2026-01-04,5416,408,107,0,852.6,1102.6834285714285,0.0,0.0,3.990720896550492,4400.501800679942,0.0,Low
P010,2026-01-05,6351,468,258,0,1127.1,1110.6868117797694,0.0,0.0,4.621560197565738,5133.10596128257,0.0,Low
P010,2026-01-06,8682,509,214,0,1336.7,1179.4238194238194,0.0,0.0,5.222124750551668,6159.098318803308,0.0052,Low
P010,2026-01-07,7201,825,197,0,1329.6,1222.7513981827149,0.0,0.0,5.758569993888356,7041.299511560015,0.0219,Low
P010,2026-01-08,7566,828,66,0,1236.6,1226.598714709623,0.0,0.0,7.3343069486190515,8996.251476461985,0.0052,Low
P010,2026-01-09,7755,949,113,0,1363.0,1263.4673023702783,0.0,0.0,6.959459288409172,8793.049253082112,0.0125,Low
P010,2026-01-10,6509,888,169,0,1263.9,1263.5819319735592,0.0,0.0,7.067999181079087,8930.996060415448,0.0125,Low
P010,2026-01-11,8061,1392,111,0,1613.1,1354.814676349468,0.0,0.0,9.021669253685682,12222.689910064113,0.0054,Low
P010,2026-01-12,4380,774,262,0,1087.0,1285.6707808891852,0.0,0.0,8.06424166432821,10367.95987785595,0.0052,Low
P010,2026-01-13,6105,1119,56,0,1226.0,1270.3900574866275,0.0,0.0,7.804142956743858,9914.305619451688,0.0052,Low
P010,2026-01-14,7491,501,362,0,1361.6,1293.6062072647924,1270.9548357815747,1.0178223180456802,7.8826552669477215,10197.051783052082,0.0556,Low
P010,2026-01-15,9440,453,135,0,1305.5,1296.6199292042274,1274.5775397624118,1.0172938707777526,8.043536688740723,10429.409971906602,0.064,Low
P010,2026-01-16,7741,567,185,0,1242.6,1282.9782215822318,1271.3403251124978,1.009154029136269,7.923761247161728,10166.01311312576,0.0723,Low
P010,2026-01-17,6490,107,188,0,890.5,1184.1155205204877,1233.9915207060915,0.9595815619925165,5.262855064496009,6231.828364119577,0.0052,Low
P010,2026-01-18,5417,535,334,0,1143.2,1173.8286459736955,1225.3394546671066,0.957962001405541,7.459455493058037,8756.122541117362,0.0364,Low
P010,2026-01-19,4567,927,162,0,1082.2,1150.824215246444,1212.0487906816352,0.9494866993797944,7.29103105665063,8390.695094107414,0.0052,Low
P010,2026-01-20,6032,920,224,0,1287.2,1185.0266245234727,1218.8638845433684,0.9722386804864932,7.291712278677425,8640.873188597468,0.0216,Low
P010,2026-01-21,7308,974,157,0,1374.8000000000002,1232.5830770852076,1232.7043554890872,0.9999016078734893,7.4732902928911615,9211.4511451628,0.0126,Low
P010,2026-01-22,5533,358,107,0,839.3000000000001,1134.0866091529401,1198.4645092383707,0.9462830070878168,5.655331343869941,6413.635547405801,0.0052,Low
P010,2026-01-23,10875,1057,55,0,1671.0,1268.4947755070407,1238.8615698316669,1.0239196986635104,4.388878134592674,5567.268984067893,0.0,Low
P010,2026-01-24,4468,828,244,0,1104.8,1227.5299779096847,1227.5869530506907,0.9999535795485606,4.6687891208249725,5731.078606351255,0.0,Low
P010,2026-01-25,7275,607,177,0,1208.0,1222.64380637584,1225.964243968171,0.9972915624728996,4.6822611215954,5724.73756015301,0.0162,Low
P010,2026-01-26,6943,709,20,0,1068.8000000000002,1184.1611348698593,1213.1220097499863,0.9761269811209135,4.5131439407932294,5344.28965076074,0.0128,Low
P010,2026-01-27,6107,428,207,0,1031.7,1146.0297099030392,1198.4842037099465,0.9562326285095298,4.252869605204665,4873.914919908155,0.0,Low
P010,2026-01-28,10930,793,158,0,1647.5,1271.437096673061,1234.2928631138777,1.0300935251011178,4.011671115425457,5100.5874758037235,0.0,Low
P010,2026-01-29,7834,828,232,0,1429.4,1310.937227859448,1249.6865045956868,1.049012862464614,4.804988496599907,6299.038299629219,0.0,Low
P010,2026-01-30,7362,1300,77,0,1463.2,1349.0097199598033,1266.366695934341,1.0652599390351845,5.725625375721513,7723.924284696823,0.0116,Low
P010,2026-01-31,7162,405,245,0,1163.7,1302.6760842017134,1258.4189022025316,1.0351688706916533,5.680692403782016,7400.102136113175,0.0738,Low
P010,2026-02-01,5074,558,160,0,946.4000000000001,1213.598115053206,1234.466758873735,0.9830950055953563,4.610334209490702,5595.092906403228,0.0164,Low
P010,2026-02-02,7915,959,65,0,1336.0,1244.2008918822792,1242.200641542264,1.0016102393260957,4.94353996225502,6150.756830093384,0.0052,Low
P010,2026-02-03,6534,470,64,0,952.4000000000001,1171.2465466636784,1220.2841710373211,0.9598145783288303,4.394857592854549,5147.461778709536,0.0,Low
P010,2026-02-04,6126,591,432,1,1340.1,1213.4616990069821,1229.2854130496592,0.9871277054571909,5.624040941805012,6824.558276527538,0.2712,Low
P010,2026-02-05,7101,270,133,0,978.1,1154.6194040249534,1210.5304785466192,0.9538127415619301,5.377076528370744,6208.476896583994,0.0052,Low
P010,2026-02-06,7984,1310,31,0,1484.4,1237.066518379134,1230.8632374390272,1.0050397726579403,5.6314538779788945,6966.483042244024,0.0081,Low
P010,2026-02-07,3632,1244,229,0,1214.2,1231.3497865784836,1229.6326109747922,1.0013964867021259,5.592027712536265,6885.742130372497,0.0081,Low
P010,2026-02-08,5149,844,20,0,956.9,1162.7364199123094,1209.5885094061957,0.9612660845054262,5.32440541016748,6190.8800847798675,0.0109,Low
P010,2026-02-09,6457,781,282,0,1318.2,1201.602705796346,1217.5347775471444,0.9869144751232158,5.553777173162853,6673.433678662466,0.024,Low
P010,2026-02-10,4931,709,97,0,944.6,1137.351544736805,1197.649690940028,0.9496529275998689,5.223736961976523,5941.225303002743,0.0143,Low
P010,2026-02-11,6835,415,149,0,1040.0,1113.0135208765607,1186.2083966184357,0.9382950876646254,5.31092334413664,5911.12949036304,0.0052,Low
P010,2026-02-12,4958,878,276,0,1210.8,1137.4602443756244,1187.9866943973461,0.957468833754875,5.717357372055682,6503.266713601233,0.0052,Low
P010,2026-02-13,6100,695,45,0,1002.5,1103.720075921636,1174.6183093635577,0.9396414628708187,7.479936156022836,8255.755702014514,0.0143,Low
P010,2026-02-14,6002,668,452,1,1386.2,1174.3402254744342,1189.8201878877467,0.9869896540327744,6.49890944526658,7631.930783292286,0.6166,Medium
P010,2026-02-15,4784,1122,289,0,1328.4,1212.8552380421559,1199.748348072178,1.010924690900214,6.7980476140523995,8245.047657163434,0.0126,Low
P010,2026-02-16,6873,1211,227,0,1519.8000000000002,1289.5915315418092,1222.6163369653234,1.0547802135500037,5.935490045851596,7654.357698680923,0.0315,Low
P010,2026-02-17,7035,667,312,0,1349.0,1304.4436636093953,1231.624179281907,1.0591247516581705,6.921495546746652,9028.701008654318,0.0694,Low
P010,2026-02-18,8096,495,58,0,1115.1,1257.1077119638805,1223.3381860232444,1.0276043992171684,7.168059458446275,9011.022825028449,0.0478,Low
P010,2026-02-19,6147,443,183,0,1019.2,1197.630750289819,1208.853049682976,0.990716564512729,5.989575182202059,7173.299419377931,0.0706,Low
P010,2026-02-20,8308,546,185,0,1288.8000000000002,1220.4230723982034,1214.5146080493514,1.0048648688628727,7.232054559743166,8826.166245553191,0.061,Low
P010,2026-02-21,6539,938,20,0,1142.9,1201.042298124792,1209.4524860886177,0.993046276731807,7.069905587382058,8491.255654194654,0.0126,Low
P010,2026-02-22,5542,746,310,0,1237.2,1210.0817257532667,1211.410468018961,0.9989031362285498,7.267828960635528,8794.667011165411,0.0511,Low
P010,2026-02-23,5714,120,252,0,883.4,1128.4112796806098,1188.3016065980898,0.9496000543288529,7.000504250229187,7899.447959410665,0.0249,Low
P010,2026-02-24,5499,326,127,0,839.9,1056.2834500671418,1163.792579270545,0.9076217358706596,6.214621893892533,6564.402254943599,0.0052,Low
P010,2026-02-25,6175,502,20,0,888.5,1014.337583322503,1144.4532747806236,0.8863075468536384,5.565928448387216,5645.730411283057,0.0052,Low
P010,2026-02-26,7797,1066,255,0,1567.7,1152.6781979497105,1174.1482157258022,0.9817143804285698,4.299727451877758,4956.202090905354,0.0057,Low
P010,2026-02-27,4745,623,189,0,975.0,1108.2586459438671,1160.1926681411385,0.9552367178523484,4.237407778960776,4696.143807423079,0.0,Low
P010,2026-02-28,7350,884,116,0,1293.0,1154.4439864217973,1169.4889744240143,0.9871354085394598,4.216803908156224,4868.063913690885,0.0,Low
P010,2026-03-01,6575,820,335,0,1402.5,1216.4579917940714,1185.782553087809,1.0258693538437458,4.1352482766576015,5030.355814192801,0.0,Low
P010,2026-03-02,7508,920,198,0,1408.8000000000002,1264.543494995695,1201.3623511890032,1.052591237954351,4.355754815716085,5508.041418009948,0.0,Low
P010,2026-03-03,8567,806,104,0,1363.7,1289.3326216914636,1212.6929883525277,1.063197877321839,5.211031671359549,6718.753126551256,0.0037,Low
P010,2026-03-04,8557,892,145,0,1446.7,1328.6744667979128,1229.0123478645119,1.081091217916287,7.15313968856401,9504.194061633774,0.0037,Low
P010,2026-03-05,5732,772,236,0,1195.2,1295.3058497617224,1226.6561384810605,1.0559649102690019,7.821738428587763,10131.543541855792,0.0324,Low
P010,2026-03-06,6748,777,360,0,1423.3000000000002,1327.3043875634573,1240.349391848983,1.0701052345289568,14.941488733455563,19831.903552645534,0.0124,Low
P010,2026-03-07,8059,740,284,0,1459.9,1360.4532908607466,1255.6275264443411,1.0834847527422413,15.173939769990925,20643.436295406915,0.0446,Low
P010,2026-03-08,4903,802,371,0,1262.3,1335.9149680411,1256.0915630049117,1.0635490252077953,13.317505249631296,17791.054599948377,0.0224,Low
P010,2026-03-09,6125,429,125,0,952.0,1239.9362257243884,1234.955789061431,1.0040328784777095,6.793848833459723,8423.939280702089,0.0478,Low
P010,2026-03-10,4817,448,153,0,858.7,1144.6271690650672,1208.8183579504196,0.9468975649384034,4.708635204960858,5389.631784814459,0.0,Low
P010,2026-03-11,4343,688,280,0,1058.3,1123.045376760041,1198.367513959056,0.9371460376778465,4.907526511943098,5511.374960565027,0.0143,Low
P010,2026-03-12,5090,1139,241,0,1319.5,1172.159032636184,1206.7741031647984,0.9713160233129005,4.975397829919557,5831.957507298677,0.0109,Low
P010,2026-03-13,7997,486,275,0,1317.7,1208.5442745138948,1214.4690125612265,0.9951215321780404,5.4649952073905235,6604.688668137693,0.0522,Low
P010,2026-03-14,4814,950,207,0,1163.4,1197.25820587687,1210.9277961188573,0.9887114655614363,6.555679054159259,7848.8405426872905,0.0126,Low
P010,2026-03-15,7281,330,100,0,993.1,1146.2186543786497,1195.8289093234882,0.9585139110259147,6.396065207285803,7331.2892552132325,0.0182,Low
P010,2026-03-16,7347,399,236,0,1170.2,1152.2139907865426,1194.053045341681,0.9649604643881038,6.820374430312687,7858.530841009073,0.048,Low
P010,2026-03-17,4401,938,67,0,976.1,1108.1854930758338,1178.955685953047,0.9399721269254282,7.8253990846542845,8671.993743142788,0.0052,Low
P010,2026-03-18,7280,871,120,0,1283.5,1152.0141198173824,1186.1951555463775,0.9711842985692403,7.955276840227361,9164.59124699813,0.0216,Low
P010,2026-03-19,7325,761,136,0,1249.0,1176.2605898673962,1190.5430287916888,0.9880034165427668,8.700026767418318,10233.498617305608,0.0205,Low
P010,2026-03-20,4939,100,225,0,768.9000000000001,1074.4204423868143,1161.361063269547,0.9251390175856582,5.886082121935599,6324.126957375165,0.0052,Low
P010,2026-03-21,4104,712,163,0,929.4000000000001,1038.1653317864443,1145.3109356887726,0.9064484502609093,5.539036605574387,5750.4357754033945,0.0143,Low
P010,2026-03-22,7470,592,157,0,1200.0,1078.623998842902,1149.0941855273766,0.9386732637247965,5.598348539520127,6038.513088613519,0.0052,Low
P010,2026-03-23,7549,784,221,0,1367.9,1150.9429991362906,1164.2274059470908,0.988589500102097,5.22681701079809,6015.768446344535,0.0108,Low
P010,2026-03-24,7156,222,265,0,1091.6,1136.1072493515849,1159.2052827042562,0.9800742426746629,5.343086094210986,6070.318845542746,0.0108,Low
P010,2026-03-25,7370,378,165,0,1091.0,1124.8304370133278,1154.4898114216019,0.9743095314848662,5.591008699051769,6288.936758299718,0.0108,Low
P010,2026-03-26,6393,643,223,0,1183.8000000000002,1139.5728277603498,1156.515867555478,0.9853499202873542,5.8583986267472525,6676.071889229716,0.0608,Low
P010,2026-03-27,8599,1008,59,0,1422.9,1210.4046208215375,1174.9266443933145,1.0301958988636124,7.125039474533879,8624.180703511667,0.0164,Low
P010,2026-03-28,7385,1082,228,0,1507.5,1284.6784656171558,1197.9085951913007,1.0724344578958913,7.735760645460878,9937.965116392259,0.0037,Low
P010,2026-03-29,8088,1287,292,0,1744.3000000000002,1399.5838492140304,1235.6608954018773,1.1326601360418052,5.818587373228926,8143.600912811894,0.0116,Low
P010,2026-03-30,6826,997,204,0,1385.1,1395.9628869104954,1245.9848972493864,1.1203690179459698,5.794603459735641,8089.05137415411,0.0198,Low
P010,2026-03-31,6487,578,346,0,1283.7,1367.8971651827117,1248.59013414894,1.0955533900318373,6.311005499467304,8632.806532173829,0.0742,Low
P011,2026-01-01,9755,939,79,0,1524.0,0.0,0.0,0.0,0.0,0.0,0.0,Low
P011,2026-01-02,8008,160,282,0,1162.8000000000002,0.0,0.0,0.0,0.0,0.0,0.0,Low
P011,2026-01-03,8784,612,232,0,1416.4,1360.3243243243244,0.0,0.0,7.335155868209874,9978.1909502362,0.0264,Low
P011,2026-01-04,10388,638,113,0,1470.8,1400.7268571428572,0.0,0.0,8.757254285821046,12266.521272978931,0.0521,Low
P011,2026-01-05,9679,1378,220,0,1876.9,1556.809218950064,0.0,0.0,6.063399241683194,9439.555837627224,0.0211,Low
P011,2026-01-06,8974,1192,145,0,1638.4,1581.6232848232846,0.0,0.0,6.659828919491346,10533.34049200701,0.021,Low
P011,2026-01-07,6729,1159,388,0,1640.4,1598.5810523350003,0.0,0.0,7.203247600883957,11514.975130050643,0.0516,Low
P011,2026-01-08,8301,526,418,0,1511.1,1574.2777108944467,0.0,0.0,7.089298712035426,11160.524948230079,0.2907,Low
P011,2026-01-09,6660,689,254,0,1264.5,1490.5463394112867,0.0,0.0,7.6154468680982905,11351.176452225054,0.0127,Low
P011,2026-01-10,9788,1046,261,0,1762.8000000000002,1562.6713684416898,0.0,0.0,7.760757210903967,12127.513090907014,0.0052,Low
P011,2026-01-11,8151,803,275,0,1491.6,1544.1200070597188,0.0,0.0,7.745343962624414,11959.74057424756,0.0052,Low
P011,2026-01-12,3662,701,243,0,959.7,1393.2355356638877,0.0,0.0,5.099558588476362,7104.886241665244,0.0701,Low
P011,2026-01-13,5730,905,199,0,1224.5,1350.025089776634,0.0,0.0,4.914608740539357,6634.845106163676,0.0449,Low
P011,2026-01-14,10090,1261,173,0,1812.5,1467.7412782592107,1477.7775409347153,0.9932085362447437,4.812065415653946,7062.867044238864,0.0311,Low
P011,2026-01-15,7230,767,174,0,1280.5,1420.2969381045991,1457.0893158518895,0.9747493944986663,4.618298917806401,6559.355812212215,0.0851,Low
P011,2026-01-16,7749,562,106,0,1161.9,1355.043696718159,1427.2061170544296,0.9494379760790373,4.2701525760819115,5786.243332244603,0.0768,Low
P011,2026-01-17,8391,978,139,0,1467.1,1383.269947766628,1431.1184885468813,0.9665656262365155,5.019980819012156,6943.98860530442,0.1104,Low
P011,2026-01-18,8800,600,245,1,1425.0,1393.761609773979,1430.5354212455002,0.9742936660859187,5.1495938883913634,7177.306267566591,0.6004,Medium
P011,2026-01-19,8687,779,265,0,1523.2,1426.2586138468782,1439.139434600487,0.9910496298312603,6.4768311437981945,9237.636209273904,0.1264,Low
P011,2026-01-20,6682,731,199,0,1232.7,1377.715018355578,1420.4184567702391,0.969936008708926,6.289357859903182,8664.942779401312,0.2432,Low
P011,2026-01-21,6337,736,64,0,1065.7,1299.5252966324106,1388.9345989066378,0.9356274142059072,7.67992069127541,9980.251214443066,0.0579,Low
P011,2026-01-22,6720,704,194,0,1218.0,1279.1075511628208,1374.0573503357243,0.9308982201807758,7.414208726622493,9483.570368120112,0.031,Low
P011,2026-01-23,7094,771,267,0,1361.9,1299.8333915420576,1373.018018417238,0.9466979782053228,8.010228246649016,10411.962148867779,0.0052,Low
P011,2026-01-24,8768,595,99,0,1273.3000000000002,1293.193381128011,1364.631704239175,0.9476501004881064,8.585194944753837,11102.317278249322,0.0167,Low
P011,2026-01-25,5893,643,184,0,1094.8000000000002,1243.5576828259598,1342.277111562742,0.9264537574611654,7.944131253596016,9878.985453787149,0.0376,Low
P011,2026-01-26,6302,401,174,0,1004.7,1183.8095398138487,1314.692947226578,0.900445638889832,9.307778103989072,11018.63651397272,0.0084,Low
P011,2026-01-27,7729,968,164,0,1420.9,1243.1072559213283,1323.2621293270522,0.9394263003349533,7.922266101124345,9848.226473647244,0.0052,Low
P011,2026-01-28,6837,512,216,0,1155.7,1221.2485022398034,1309.8991802556704,0.9323225110181464,8.313117426503888,10152.382206061482,0.0235,Low
P011,2026-01-29,6184,961,41,0,1139.9,1200.906533064688,1296.486516450427,0.9262776809201235,8.012263884027103,9621.9800429664,0.0052,Low
P011,2026-01-30,6917,880,238,0,1369.7,1243.1124370170612,1302.2061310905403,0.9546203153181333,8.219081568304471,10217.24251841698,0.0052,Low
P011,2026-01-31,11496,894,119,0,1715.6000000000001,1361.250150722677,1334.2084193709406,1.0202679886863601,5.539446936172418,7540.572976784975,0.0515,Low
P011,2026-02-01,7313,257,211,0,1070.8000000000002,1288.6303182036759,1313.9878616731598,0.9807018359787484,5.180122690905766,6675.263151515979,0.0497,Low
P011,2026-02-02,6207,1064,164,0,1316.7,1295.6482673802707,1314.1944478056218,0.985887788283388,5.890069903098184,7631.458864697841,0.0241,Low
P011,2026-02-03,7281,599,393,0,1420.6,1326.8879657184086,1322.2414767349562,1.0035140925693733,6.032760223592745,8004.7969407499095,0.0898,Low
P011,2026-02-04,6975,1339,301,0,1668.0,1412.1695883847187,1348.216810484111,1.047435076412742,5.811006241743391,8206.126292503797,0.0267,Low
P011,2026-02-05,8180,900,259,0,1527.0,1440.8781037535414,1361.5657823408173,1.0582508108376971,6.52780911547609,9405.777219972271,0.0481,Low
P011,2026-02-06,4565,706,304,0,1113.5,1359.0316267726294,1343.1487576385962,1.011825093032663,5.363486129108072,7289.147279214176,0.1217,Low
P011,2026-02-07,7383,368,214,0,1136.3000000000002,1303.3477245418633,1327.8724011577137,0.9815308410583902,5.710535131343036,7442.812969352316,0.0815,Low
P011,2026-02-08,10013,1164,213,0,1796.3000000000002,1426.587445900735,1362.2988319947524,1.0471912637111602,5.528998531221394,7887.599893044043,0.0345,Low
P011,2026-02-09,8884,680,49,0,1277.4,1389.2902093427156,1356.0874368633968,1.0244842340780576,5.3191024594389695,7389.77696938932,0.1484,Low
P011,2026-02-10,6070,1258,192,0,1428.0,1398.9677299991447,1361.3267382047732,1.0276502183212148,5.3557766649361165,7492.5587233280685,0.0406,Low
P011,2026-02-11,7091,700,410,0,1469.1,1416.5008966814871,1369.1482924421757,1.0345854383742417,5.907217283598732,8367.578579109982,0.2854,Low
P011,2026-02-12,9895,1455,203,0,1920.0,1542.3762065524572,1408.9821476349393,1.0946740511898516,4.947638002323726,7631.119133418845,0.0495,Low
P011,2026-02-13,7900,335,367,0,1324.5,1487.9069815950993,1402.8933557583323,1.0605987724454118,5.261558782398189,7828.710046403275,0.1498,Low
P011,2026-02-14,5705,855,110,0,1108.0,1392.930009536174,1381.7056388139038,1.0081235541968767,4.825795805532881,6721.9957974205445,0.0547,Low
P011,2026-02-15,6573,538,159,0,1085.3000000000002,1316.022369498522,1360.470491956226,0.9673288524861129,4.672562098730456,6149.196244800241,0.0164,Low
P011,2026-02-16,6648,625,303,0,1280.3000000000002,1307.0917651355192,1354.7422355683275,0.9648269029856535,4.64352948991432,6069.519157430946,0.0256,Low
P011,2026-02-17,5799,856,341,0,1348.9,1317.5438343747205,1354.3258373131087,0.9728410906346053,4.696708363029724,6188.119145565999,0.0057,Low
P011,2026-02-18,6687,574,196,0,1151.7,1276.0828444740318,1339.9171855435445,0.9523594806590882,4.462083837763061,5693.988635974291,0.0,Low
P011,2026-02-19,9226,848,166,0,1512.6,1335.2121668417396,1352.1703272009227,0.9874585546712351,8.690739217501838,11603.980742057114,0.0126,Low
P011,2026-02-20,8182,459,287,0,1334.7,1335.0841250769201,1350.9331408325186,0.9882680902857174,8.646353725704872,11543.609598988258,0.0405,Low
P011,2026-02-21,8069,697,135,0,1290.4,1323.9130902490908,1346.6543190961863,0.9831127867369213,9.519711195952771,12603.270267712702,0.0617,Low
P011,2026-02-22,6126,950,342,0,1429.6,1350.3348239994182,1352.5073171315548,0.998393721728115,11.74849088276609,15864.396368438716,0.0126,Low
P011,2026-02-23,6501,927,20,0,1133.6,1296.1511082905076,1337.08494696709,0.9693857533410348,9.407705296007176,12193.80764589018,0.0216,Low
P011,2026-02-24,6580,780,128,0,1176.0,1266.1133271810797,1325.753095183103,0.9550144157544431,8.681355610048,10991.580035880004,0.0052,Low
P011,2026-02-25,6052,589,249,0,1148.7,1236.7599924271965,1313.31511473444,0.9417084819435676,8.452438977811875,10453.638366189954,0.0318,Low
P011,2026-02-26,7176,118,20,0,796.6,1126.7199860019434,1277.0624424672947,0.8822747735047034,5.539610024949228,6241.58932976702,0.0052,Low
P011,2026-02-27,6546,927,20,0,1138.1,1129.564989662758,1267.3244843778104,0.891298948827873,5.855194897980418,6613.8231644106845,0.0169,Low
P011,2026-02-28,6707,632,358,0,1344.7,1183.3487445340659,1272.7406499008387,0.9297642338434152,5.915530163399517,7000.135192112217,0.0455,Low
P011,2026-03-01,6879,904,233,0,1372.9,1230.736559911821,1279.744413974754,0.9617049598772857,6.531339843064325,8038.358730067999,0.0223,Low
P011,2026-03-02,4261,1020,241,0,1177.1,1217.327419613137,1272.5737676056754,0.9565869115294177,6.468656824094332,7874.473320037662,0.0052,Low
P011,2026-03-03,8219,1967,20,0,1825.4,1369.345567436907,1311.1592312958096,1.0443777722098746,4.3726597327998995,5987.682223019393,0.0145,Low
P011,2026-03-04,10044,703,248,0,1603.9,1427.9841763666188,1331.5746103678491,1.072402668633123,4.2833875844568015,6116.609691849547,0.043,Low
P011,2026-03-05,7388,662,162,0,1231.8000000000002,1378.9381317800558,1324.6218286763512,1.0410051318178333,5.543226419084421,7643.76628236612,0.1799,Low
P011,2026-03-06,7951,334,294,0,1256.1,1348.2285986026313,1319.8503257468874,1.0215011218220322,5.792959174723448,7810.23322989965,0.0903,Low
P011,2026-03-07,6832,450,174,0,1082.2,1281.7214485744782,1303.312664139072,0.9834335796827448,4.879530162392644,6254.198468104759,0.0123,Low
P011,2026-03-08,9342,629,255,0,1503.7,1337.2160866671,1317.248583006215,1.015158485472598,4.989730941579763,6672.348483221035,0.059,Low
P011,2026-03-09,6360,1017,288,0,1432.5,1361.0370650763798,1325.2590909998457,1.0269969578398226,5.39602267549969,7344.186865347693,0.0378,Low
P011,2026-03-10,10229,737,286,0,1677.4,1440.1277989966732,1349.721329237615,1.0669815739966917,6.6628177844411125,9595.309111023069,0.0934,Low
P011,2026-03-11,7604,1178,147,0,1496.4,1454.19584927277,1359.9055747068835,1.0693358903928687,7.181830610074181,10443.78826335,0.0451,Low
P011,2026-03-12,8574,731,213,0,1435.9,1449.6218869484164,1365.179584481188,1.0618543470826776,7.569823004561545,10973.381107738038,0.0841,Low
P011,2026-03-13,7594,865,208,0,1399.9,1437.1914151987548,1367.5881334246374,1.050894907292645,8.015108935267918,11519.245753649884,0.0661,Low
P011,2026-03-14,7779,1263,318,0,1727.4,1509.7435614540357,1392.5381301873247,1.08416675844221,11.8368614989211,17870.625435819296,0.0275,Low
P011,2026-03-15,8760,653,130,1,1332.5,1465.4326710653474,1388.376544993627,1.055500876757512,9.958134963093054,14592.976317794679,0.61,Medium
P011,2026-03-16,8889,1052,367,0,1781.9,1544.5495033327288,1415.6443510840609,1.091057574764015,8.744128477350161,13505.739296768761,0.0558,Low
P011,2026-03-17,6551,721,55,0,1070.6,1426.0621274616738,1391.7435215949956,1.0246587069295359,5.917640966599831,8438.923666383711,0.2393,Low
P011,2026-03-18,6868,1088,173,0,1403.8000000000002,1420.4965955949212,1392.5784068741364,1.0200478324110838,5.883922613444932,8358.092041142498,0.0785,Low
P011,2026-03-19,8417,732,252,0,1459.7,1430.297446697953,1397.2251213349946,1.0236699974980834,5.926207743542135,8476.239804189954,0.1827,Low
P011,2026-03-20,5735,815,20,0,1001.0,1322.9730850089925,1369.802332292473,0.9658131280421758,4.456356845083736,5895.640163241371,0.0148,Low
P011,2026-03-21,7176,300,340,0,1207.6,1294.1298137538274,1358.5790343367803,0.9525612949414989,4.91127163962834,6355.823052286678,0.0052,Low
P011,2026-03-22,8623,930,371,0,1698.3000000000002,1395.1723603230348,1382.0800633761799,1.009472885977491,4.656391949851861,6496.469347264,0.0204,Low
P011,2026-03-23,6033,1314,313,0,1573.3000000000002,1439.7042702448095,1395.3053675416415,1.0318201975121701,5.534150045259964,7967.539452336277,0.0421,Low
P011,2026-03-24,7102,1130,109,0,1384.2,1425.8282026830152,1394.5374408378884,1.0224380864252345,6.190287068102811,8826.285884404942,0.1084,Low
P011,2026-03-25,6220,607,166,0,1091.5,1342.2461520095867,1373.5865072271256,0.9771835520919309,5.243845877351828,7038.531950606826,0.0834,Low
P011,2026-03-26,5872,1156,193,0,1358.2,1346.2346140072857,1372.522920506656,0.9808467196320967,5.358742512160386,7214.124657422671,0.0241,Low
P011,2026-03-27,7985,618,37,0,1144.5,1295.8009605045565,1356.7634266327705,0.9550677188946725,5.778316114895884,7487.547571781044,0.0334,Low
P011,2026-03-28,7862,216,212,0,1106.2,1248.4007203777774,1339.4486410506709,0.9320258147996379,5.247058795140512,6550.431979717967,0.0052,Low
P011,2026-03-29,5404,1386,310,0,1543.4,1322.1505402840796,1353.5404310452554,0.9768090410827065,6.501178575277412,8595.536765786313,0.03,Low
P011,2026-03-30,7615,1169,135,0,1481.0,1361.8629052133613,1362.3459764807042,0.9996454048588709,7.319995422421621,9968.830232127615,0.0285,Low
P011,2026-03-31,8272,849,246,0,1497.7,1395.8221789102142,1371.6957931551337,1.0175887217119026,7.015092622565129,9791.821869685828,0.029,Low
P012,2026-01-01,11221,1158,132,0,1833.1000000000001,0.0,0.0,0.0,0.0,0.0,0.0,Low
P012,2026-01-02,8682,1035,307,0,1692.7,0.0,0.0,0.0,0.0,0.0,0.0,Low
P012,2026-01-03,8427,1795,449,0,2189.2,1941.554054054054,0.0,0.0,7.5859739772759145,14728.578529528608,0.3525,Medium
P012,2026-01-04,11025,1093,276,0,1925.0,1935.5,0.0,0.0,9.251326077032083,17905.941622095597,0.0741,Low
P012,2026-01-05,8694,1095,323,0,1739.9,1871.385275288092,0.0,0.0,9.523319005727725,17821.7989591901,0.0741,Low
P012,2026-01-06,8260,1172,282,0,1694.0,1817.4373923373923,0.0,0.0,9.524520372886697,17310.219469763564,0.0741,Low
P012,2026-01-07,7261,814,256,0,1389.1,1693.8570613509899,0.0,0.0,6.908275018546197,11701.630421919117,0.0396,Low
P012,2026-01-08,12954,1239,164,0,2078.9,1800.8268537515899,0.0,0.0,6.662148774244909,11997.37641634847,0.0515,Low
P012,2026-01-09,10851,608,406,0,1795.1000000000001,1799.278913722207,0.0,0.0,6.782688669437707,12203.948701261801,0.053,Low
P012,2026-01-10,9416,1044,430,0,1893.6,1824.2663136023575,0.0,0.0,8.372299816901,15273.30452335168,0.6165,Medium
P012,2026-01-11,8192,653,239,0,1384.7,1709.5287798560025,0.0,0.0,6.731427304998453,11507.568707403385,0.0519,Low
P012,2026-01-12,11680,616,20,0,1496.0,1654.400316273,0.0,0.0,6.225284313704,10299.112337481243,0.1234,Low
P012,2026-01-13,9446,1237,418,0,1981.1,1738.062829622816,0.0,0.0,5.992190354838686,10414.803323769473,0.4885,Medium
P012,2026-01-14,9428,948,413,0,1829.8000000000002,1761.4131775017165,1768.776496121224,0.9958370497380392,6.977937459522527,12291.03099298583,0.427,Medium
P012,2026-01-15,7318,955,317,0,1526.3000000000002,1701.8387627576521,1743.3483186141304,0.9761897463776065,7.4441624022142685,12668.764132351362,0.0509,Low
P012,2026-01-16,10796,919,301,0,1840.1000000000001,1736.7540135123293,1753.1428795063448,0.9906517169295708,7.476157175463938,12984.245980135995,0.0607,Low
P012,2026-01-17,6390,874,343,0,1419.0,1656.7138525006005,1720.3736682974493,0.9629965125600799,6.958620367258297,11528.442756729637,0.079,Low
P012,2026-01-18,8649,1089,342,0,1751.4,1680.5195992748027,1723.330352674473,0.9751581215494681,7.945162301563927,13352.00096719748,0.0509,Low
P012,2026-01-19,9608,1123,201,0,1723.3000000000002,1691.2601133848702,1723.3275343935284,0.9813921438713247,8.760271477910987,14815.89773301398,0.0607,Low
P012,2026-01-20,9812,1255,313,0,1921.7,1749.053359671266,1741.3169584487598,1.0044428391629343,9.673143137381102,16918.843503017466,0.0071,Low
P012,2026-01-21,9242,1139,369,0,1862.7,1777.5327554032688,1752.0905913238212,1.0145210265155378,9.626235732876664,17110.94932642166,0.0388,Low
P012,2026-01-22,7047,1419,264,0,1678.2,1752.6551897838306,1745.6595428338856,1.0040074463194089,10.55864669358395,18505.666924603793,0.014,Low
P012,2026-01-23,10760,1431,161,0,1952.5,1802.6833227275101,1763.342334168388,1.0223104598430521,9.920298606187043,17883.156853850345,0.0534,Low
P012,2026-01-24,9058,985,219,0,1617.3000000000002,1756.2909423358026,1751.060131642971,1.002987219324131,13.796957065863849,24231.47072657263,0.0195,Low
P012,2026-01-25,12725,815,242,0,1922.0,1797.7494060475037,1765.2218890245176,1.0184268657900524,13.270179951403009,23856.458125778252,0.0517,Low
P012,2026-01-26,10429,711,258,0,1656.4,1762.392098602816,1756.3298143920638,1.0034516718480544,12.17610323751822,21459.06813757428,0.0638,Low
P012,2026-01-27,10598,972,288,0,1833.8,1780.2516339951576,1762.5803986093679,1.0100257697745159,13.076877886745857,23280.133225434456,0.025,Low
P012,2026-01-28,9328,617,330,0,1571.3000000000002,1727.9971357763457,1747.3259360691984,0.9889380625656392,11.271291344242064,19476.759159351004,0.0611,Low
P012,2026-01-29,12755,1077,320,0,2134.0,1829.5220258683619,1777.8339021306297,1.0290736459604302,8.856203164244839,16202.618754551015,0.0888,Low
P012,2026-01-30,11161,691,468,0,1929.6000000000001,1854.5459882327748,1789.6902372367,1.0362385284806757,9.083746289325692,16846.225238993316,0.5573,Medium
P012,2026-01-31,10426,1561,224,0,2047.1000000000001,1902.6909395441085,1809.6172416111767,1.0514328031798241,9.445394664729342,17971.666848998782,0.0565,Low
P012,2026-02-01,12849,1304,353,0,2289.9,1999.5029296573268,1846.4861664938487,1.0828691571653302,7.770252781513926,15536.643200815088,0.0759,Low
P012,2026-02-02,10473,997,418,0,1963.8,1990.5765247337245,1855.4220717566743,1.0728429634992211,8.697269060051351,17312.579620231165,0.322,Low
P012,2026-02-03,10333,482,186,0,1460.3,1857.9999023759317,1825.5405601581424,1.0177806687774555,6.231378254191911,11577.900187956075,0.1587,Low
P012,2026-02-04,9843,1165,292,0,1858.8000000000002,1858.1999352590158,1828.0391971896868,1.0164989503237714,7.1312371172617635,13251.264349612498,0.0874,Low
P012,2026-02-05,11951,486,312,0,1750.1000000000001,1831.1740924609464,1822.219812533687,1.0049139350897902,7.126840607301477,13050.485881189103,0.0649,Low
P012,2026-02-06,7395,1300,288,0,1677.5,1792.7546535095978,1811.4754513518137,0.9896654366886949,6.653287253280207,11927.711684454182,0.0232,Low
P012,2026-02-07,10752,813,426,1,1907.7,1821.4915039003463,1818.581902094583,1.0015999234273765,7.043865864655337,12830.341827083363,0.4659,Medium
P012,2026-02-08,11685,1247,285,0,2077.0,1885.3694844510615,1837.573978557557,1.0260101069078706,9.232439027492104,17406.558809488648,0.0229,Low
P012,2026-02-09,10992,860,383,0,1912.2,1892.0771807948156,1843.0337910822886,1.0266101357900907,9.520166302800188,18012.889418899984,0.0374,Low
P012,2026-02-10,12596,1393,225,0,2181.1000000000004,1964.3334305844587,1867.6641291567648,1.051759462207878,11.228258858529228,22056.04424306506,0.0326,Low
P012,2026-02-11,10664,684,355,0,1763.4,1914.0997887752144,1860.0972472824396,1.0290321010266266,10.456468504808852,20014.724156389304,0.0879,Low
P012,2026-02-12,10798,511,182,0,1517.3,1814.8994207117603,1835.3084779614455,0.988879761967235,7.917880117749182,14370.156038968154,0.09,Low
P012,2026-02-13,9698,982,177,0,1637.8000000000002,1770.6244246522704,1821.0736597206828,0.9722969773781034,7.535559481133131,13342.645670714312,0.0756,Low
P012,2026-02-14,10706,1147,278,0,1922.1000000000001,1808.4934088625794,1828.3322752844863,0.9891491953724265,7.677649037732729,13884.977680299764,0.0607,Low
P012,2026-02-15,8989,1386,463,0,2054.9,1870.0951669052167,1844.5640815577958,1.0138412514177586,8.05157134495685,15057.20465819634,0.5819,Medium
P012,2026-02-16,9397,888,347,0,1730.7,1835.2463283981078,1836.428386782569,0.9993563220942716,7.809549454746141,14332.4469632663,0.0664,Low
P012,2026-02-17,9585,1030,372,0,1845.5,1837.8097488794174,1837.0749550134426,1.0003999748948564,10.274436334851154,18882.45926043036,0.0279,Low
P012,2026-02-18,7258,1467,305,0,1764.3000000000002,1819.4322977828317,1831.899953650146,0.9931941338966611,10.172548607670738,18508.263487561915,0.0229,Low
P012,2026-02-19,9505,1045,294,0,1767.0,1806.324215913733,1827.2948148693379,0.9885236861232263,13.145408965865022,23744.870543131492,0.0097,Low
P012,2026-02-20,7525,1520,302,0,1814.5,1808.3681628034483,1826.3887316368634,0.9901332183983654,16.009178756789037,28950.489176406583,0.0097,Low
P012,2026-02-21,10787,1357,196,0,1953.2,1844.57613363685,1835.3524629751284,1.0050255527466994,15.74738794797738,29047.255975959644,0.0173,Low
P012,2026-02-22,10832,991,382,0,1960.7,1873.607107163629,1844.1975153027554,1.0159470888868294,20.363812834878477,38153.78445637824,0.0097,Low
P012,2026-02-23,6931,1042,237,0,1451.1,1767.9803114456981,1816.5031674336656,0.9732877615680695,10.340506183098036,18281.811342099834,0.0465,Low
P012,2026-02-24,10771,1213,227,0,1910.6000000000001,1803.6352383759672,1823.1226025830106,0.9893109908941157,10.250392041346009,18487.968292940226,0.041,Low
P012,2026-02-25,9054,1039,208,0,1632.9,1760.951424479742,1809.759464201417,0.9730306427912404,9.395886367750988,16545.69948354089,0.0465,Low
P012,2026-02-26,11385,961,20,0,1639.0,1730.4635660550823,1797.7790000816692,0.9625563299776602,8.853435887343755,15320.548237452917,0.0829,Low
P012,2026-02-27,9560,760,135,0,1471.0,1665.5976708636676,1774.8795737991486,0.9384285480925068,7.485842296856797,12468.401494097408,0.1165,Low
P012,2026-02-28,8266,1105,431,0,1810.1,1701.723254683886,1777.3449487509208,0.9574524328016886,8.387724743941789,14273.586250653183,0.5128,Medium
P012,2026-03-01,10592,890,343,0,1847.2,1738.0924421727846,1782.2296479610839,0.9752348326203968,9.567078654088519,16628.46710234383,0.046,Low
P012,2026-03-02,9434,863,182,0,1556.9,1692.7943305461176,1766.488321575848,0.9582822033338938,10.394334358072411,17595.470271145696,0.0468,Low
P012,2026-03-03,7495,955,314,0,1541.0,1654.8457472288283,1750.749973909111,0.9452210552267744,11.84360958710832,19599.346957064783,0.0246,Low
P012,2026-03-04,9977,947,203,0,1674.2,1659.6843104867205,1745.4114734254683,0.9508842621050576,11.84481679758047,19658.656599533868,0.0288,Low
P012,2026-03-05,11035,677,375,0,1817.0,1699.0132332618962,1750.4001112668357,0.9706427762540666,11.060381393748816,18791.734352902895,0.0534,Low
P012,2026-03-06,8619,846,151,0,1435.9,1633.2349244486106,1728.4999630773543,0.9448857100881886,10.100397667983719,16496.32222217031,0.0579,Low
P012,2026-03-07,9370,1364,349,0,1968.0,1716.9261938114905,1745.1663427813928,0.9838180704521985,8.908974063825331,15296.050930168913,0.0269,Low
P012,2026-03-08,11590,1228,187,0,1960.0,1777.6946456173098,1760.1069297404808,1.0099924075519082,8.397493253497307,14928.178793349645,0.0459,Low
P012,2026-03-09,9626,838,431,1,1812.6,1786.4209842408436,1763.7554415756692,1.0128507229530748,8.78909848203104,15701.029960859594,0.7786,High
P012,2026-03-10,8327,1340,387,0,1889.7,1812.2407382424599,1772.5044557179747,1.0224181508667678,9.676401503981324,17535.969005105566,0.0266,Low
P012,2026-03-11,12867,949,369,0,2130.2,1891.7305538246026,1797.3400995596962,1.0525167405784037,8.76476949266716,16580.582246508227,0.1139,Low
P012,2026-03-12,13545,886,144,1,1941.5,1904.1729153852111,1807.3447903123713,1.0535747883060855,8.778343442174704,16715.483824538456,0.5593,Medium
P012,2026-03-13,7302,1286,109,0,1482.2,1798.6796864323383,1784.7895550286635,1.0077824981027674,8.931752432605869,16065.361664770799,0.0579,Low
P012,2026-03-14,9564,1203,316,0,1873.9,1817.4847648385016,1790.968632263435,1.0148054644561255,9.183526950649822,16690.920320289835,0.042,Low
P012,2026-03-15,10760,1138,426,0,2071.0,1880.8635736648907,1810.3792033473,1.0389334785761646,8.940611212762178,16816.069956384265,0.4259,Medium
P012,2026-03-16,8694,869,220,0,1523.9,1791.6226802106353,1790.5286473856747,1.0006110054817876,7.125858958228489,12766.85052554429,0.0842,Low
P012,2026-03-17,11368,1342,343,0,2150.8,1881.417010186678,1815.4842339402048,1.036316903584565,6.785598772690535,12766.540955241819,0.1225,Low
P012,2026-03-18,11897,718,464,0,2012.7,1914.2377576478764,1829.141002887716,1.0465227908403933,7.280792560435865,13937.16802478809,0.7037,High
P012,2026-03-19,12407,1292,476,0,2362.7,2026.353318256065,1866.078390576856,1.08588863020421,6.247822630131197,12660.296118441687,0.3527,Medium
P012,2026-03-20,7637,914,224,0,1444.7,1880.9399886724402,1836.9147406978857,1.0239669467283816,5.647438252047799,10622.492441835093,0.127,Low
P012,2026-03-21,11204,757,373,0,1871.9,1878.6799915041017,1839.335482641946,1.021390604932895,5.639857698047757,10595.487812252702,0.1828,Low
P012,2026-03-22,12178,1280,326,0,2183.8,1954.9599936338623,1863.164658476503,1.049268498222661,5.6798471229431735,11103.873895310297,0.0572,Low
P012,2026-03-23,8640,818,423,0,1696.0,1890.2199952217138,1851.6030844424288,1.020855927976786,6.005358269097649,11351.448278718439,0.4576,Medium
P012,2026-03-24,11291,1060,256,0,1915.1000000000001,1896.439996416551,1855.9938420539875,1.0217921758295712,6.250811968957354,11854.289828010018,0.0913,Low
P012,2026-03-25,7084,751,489,0,1572.9,1815.554997309825,1836.4217381116837,0.9886372774536595,5.548486105091949,10073.581675603815,0.5458,Medium
P012,2026-03-26,8202,1129,398,0,1782.7,1807.3412479821716,1832.7082424877121,0.9861587328637237,7.46049346628936,13483.65757192625,0.0665,Low
P012,2026-03-27,8240,1127,392,0,1779.5,1800.3809359865033,1829.030827210063,0.9843360206724228,9.338585812652514,16813.011866173616,0.0368,Low
P012,2026-03-28,10141,1932,131,0,2111.1,1878.0607019909262,1848.5227670825807,1.0159792052738261,8.50378838295668,15970.630780077905,0.084,Low
P012,2026-03-29,11710,1020,375,0,2056.0,1922.5455264936452,1862.858173377452,1.0320407337760822,9.935607482974758,19101.657719389907,0.0746,Low
P012,2026-03-30,10784,852,321,0,1825.4,1898.2591448700493,1860.2703751422237,1.0204210957886755,10.383995064021866,19711.51359056496,0.0415,Low
P012,2026-03-31,7335,1253,328,0,1688.0,1845.6943586522377,1848.3704967039193,0.9985521582161285,9.613472540346482,17743.532034775697,0.0229,Low
P013,2026-01-01,10901,1097,289,0,1927.6000000000001,0.0,0.0,0.0,0.0,0.0,0.0,Low
P013,2026-01-02,7993,773,393,0,1578.8000000000002,0.0,0.0,0.0,0.0,0.0,0.0,Low
P013,2026-01-03,11469,915,279,0,1883.4,1795.362162162162,0.0,0.0,9.45372173999283,16972.85430359296,0.0652,Low
P013,2026-01-04,7957,1338,340,0,1804.7,1798.777142857143,0.0,0.0,11.596465693619502,20859.457427609763,0.0335,Low
P013,2026-01-05,12226,723,236,0,1820.1000000000001,1805.766453265045,0.0,0.0,13.408251678161237,24212.171077358304,0.0352,Low
P013,2026-01-06,9661,1180,252,0,1808.1,1806.4761508761508,0.0,0.0,14.994462146469605,27087.138262812558,0.0236,Low
P013,2026-01-07,8005,1251,346,0,1772.0,1796.5293794463616,0.0,0.0,16.238583305147106,29173.091988283977,0.0236,Low
P013,2026-01-08,7940,1393,391,0,1881.5,1820.135291225095,0.0,0.0,17.70301251720044,32221.87784355612,0.0236,Low
P013,2026-01-09,9516,1010,329,0,1785.6,1810.8005741129496,0.0,0.0,41.12800296846682,74474.6113874188,0.0236,Low
P013,2026-01-10,8022,995,59,0,1358.7,1691.0307720759508,0.0,0.0,9.672570282989614,16356.613993602825,0.0533,Low
P013,2026-01-11,10629,518,424,1,1745.9,1705.352979432967,0.0,0.0,9.856972408486715,16809.61726500137,0.61,Medium
P013,2026-01-12,8819,923,211,0,1554.4,1666.3802197186653,0.0,0.0,9.198110592062376,15327.549549397485,0.0485,Low
P013,2026-01-13,8882,1412,25,0,1619.2,1654.2981273302364,0.0,0.0,9.370484061330284,15501.574234836517,0.0252,Low
P013,2026-01-14,11230,1088,153,0,1820.0,1696.4751026513168,1723.817538571334,0.9841384339411802,9.329413457926028,15827.117653711635,0.067,Low
P013,2026-01-15,7701,1489,179,0,1693.6,1695.7465915589087,1720.6486667552583,0.9855275016145021,10.611495611909698,17994.407515238185,0.0147,Low
P013,2026-01-16,7584,1327,308,0,1729.9,1704.3713865023922,1721.5852163376724,0.9900011689389905,11.109780519331673,18935.19202747059,0.0071,Low
P013,2026-01-17,7907,1051,171,0,1487.2,1649.6673324114518,1698.5991851232436,0.9711928141422194,14.151041246161485,23344.51046339964,0.0382,Low
P013,2026-01-18,10966,1305,327,0,2076.1000000000004,1756.8799328705088,1734.5734914756777,1.0128598940176672,8.995367605555668,15803.780834994192,0.0071,Low
P013,2026-01-19,9857,1515,274,0,2017.2,1822.2362948199473,1760.8156898054087,1.0348818987820965,8.637222397390905,15739.060138957466,0.0514,Low
P013,2026-01-20,7541,1121,483,0,1797.6,1816.0576272505978,1764.1514781298952,1.0294227221811467,9.12171512310527,16565.56032292245,0.5907,Medium
P013,2026-01-21,7792,878,316,0,1534.2,1745.4252277064159,1743.7416023120827,1.00096551884892,7.829700957947054,13666.157577397878,0.0607,Low
P013,2026-01-22,9233,692,386,0,1655.3000000000002,1722.8536574612258,1736.0441103471858,0.9924020001960998,7.645355714664016,13171.829055600985,0.0692,Low
P013,2026-01-23,12794,1045,184,0,1985.9,1788.7033404259414,1757.4042911404383,1.0178098114732006,7.436869935280728,13302.354095549894,0.1022,Low
P013,2026-01-24,6991,1064,384,0,1615.1,1745.258913560481,1745.436459114366,0.9998982744104258,8.038872812336864,14029.914430709923,0.0539,Low
P013,2026-01-25,10027,985,215,0,1710.2,1736.4875843639545,1742.5172443650004,0.996539678453145,9.417026430124722,16352.549477538792,0.036,Low
P013,2026-01-26,7676,1237,365,0,1751.1,1740.1427512769276,1743.2185601052677,0.9982355518228823,11.937891529396513,20773.635410409577,0.0028,Low
P013,2026-01-27,6996,1463,331,0,1762.1,1745.6343880988384,1744.7419852691528,1.0005114755259548,12.184468012082363,21269.626362581264,0.0028,Low
P013,2026-01-28,11414,584,137,0,1570.4,1701.8118783356579,1730.8383479764561,0.9832298149003738,12.50666550698659,21283.99191816063,0.0942,Low
P013,2026-01-29,9091,1137,454,0,1931.6,1759.2725906905632,1746.6781216714076,1.007210520811355,11.517991380645318,20263.286535779465,0.3971,Medium
P013,2026-01-30,10373,913,171,0,1664.8,1735.650224486391,1740.281604517574,0.9973387123138304,14.680335632142983,25479.927835464532,0.0392,Low
P013,2026-01-31,11159,697,437,0,1901.4,1777.0932190972437,1752.7543520043864,1.0138860627709545,13.983747069402526,24850.422094606183,0.2499,Low
P013,2026-02-01,8888,1463,342,0,1962.3000000000002,1823.3995659077962,1768.8401319340223,1.030844745480572,12.46878437970666,22735.576025355032,0.0322,Low
P013,2026-02-02,9109,830,240,0,1565.9,1759.0198241049238,1753.381990819806,1.003215399315427,10.363789332612855,18230.11088891315,0.0615,Low
P013,2026-02-03,9957,1009,215,0,1715.2,1748.0642490395169,1750.4944386350735,0.9986117067680783,10.234189315482995,17890.02046029803,0.0429,Low
P013,2026-02-04,9066,1010,61,0,1472.6,1679.1952682246867,1729.6174383447674,0.9708477847697857,8.767353250692064,14722.09809341644,0.1018,Low
P013,2026-02-05,10002,692,159,0,1505.2,1635.6950685679424,1712.8611533901787,0.9549490078521569,8.607675429919944,14079.532252553496,0.0808,Low
P013,2026-02-06,6783,448,138,0,1040.3000000000002,1486.8427531095433,1662.9285296366804,0.8941110322361726,4.803677300973196,7142.312783228807,0.1153,Low
P013,2026-02-07,8251,1572,221,0,1832.1,1573.1586080192612,1675.422313583792,0.9389624251002071,5.261281366792858,8276.830071381528,0.0349,Low
P013,2026-02-08,9581,1106,287,0,1798.1,1629.3947100719784,1684.4383384659582,0.9673222600019117,6.04746496837803,9853.707428820766,0.1197,Low
P013,2026-02-09,9198,628,419,0,1652.8000000000002,1635.2460913988984,1682.123604365449,0.972131939313964,6.019192895093183,9842.861655077148,0.4402,Medium
P013,2026-02-10,12025,481,172,0,1615.0,1630.184530372659,1677.2332100441968,0.9719486299762785,6.138943649702698,10007.610970574811,0.311,Low
P013,2026-02-11,8895,697,325,0,1563.0,1613.3883027661043,1668.94283047147,0.9667127379331507,6.139113127477935,9904.773309230735,0.2643,Low
P013,2026-02-12,8222,1636,393,0,2033.2,1718.3416723520388,1695.2834356558558,1.0136013990788795,5.5151881357682635,9476.977604552161,0.038,Low
P013,2026-02-13,9633,1294,385,0,1995.3000000000002,1787.5814745827533,1716.9062100640035,1.0411643068752556,9.697472009511834,17335.02131448814,0.0522,Low
P013,2026-02-14,8468,741,282,0,1499.3000000000002,1715.5109339425362,1701.2714773914763,1.008369884910546,8.133265317798974,13952.705581339756,0.0792,Low
P013,2026-02-15,10607,1028,116,0,1690.7,1709.3081893548817,1700.5141136793386,1.00517141584012,8.15454166628157,13938.624850610691,0.0871,Low
P013,2026-02-16,8110,964,266,0,1559.0,1671.7310915729631,1690.4027983327387,0.9889542796144597,7.683564944849527,12844.854412425055,0.0452,Low
P013,2026-02-17,12273,570,325,0,1837.3,1713.1233603532125,1700.87271823847,1.0072025566118812,7.8594124002277646,13464.142981479896,0.0588,Low
P013,2026-02-18,11548,1668,234,0,2222.8,1840.5426164786215,1737.986783017467,1.0590084020621922,6.915077854849913,12727.495488118831,0.0489,Low
P013,2026-02-19,10051,1157,293,0,1876.6,1849.5569674639883,1747.8224310442724,1.0582064425027822,7.314144985762662,13527.927819459126,0.1277,Low
P013,2026-02-20,9166,1117,21,0,1496.1,1761.1926880660371,1729.9963447479004,1.0180326006078104,6.706062627349161,11810.66846500026,0.1052,Low
P013,2026-02-21,10337,1024,252,0,1797.7,1770.319518956934,1734.782018640543,1.0204852769568058,7.368272239000069,13044.196165690333,0.052,Low
P013,2026-02-22,12385,784,234,0,1864.5,1793.86464484303,1743.9354680037393,1.028630168643879,7.5334802408245665,13514.043856638746,0.1827,Low
P013,2026-02-23,12302,737,219,0,1817.7,1799.8234847000233,1749.1322971109691,1.0289807565631102,8.502038351498742,15302.168292847708,0.1721,Low
P013,2026-02-24,9094,1238,295,0,1823.4,1805.7176143171343,1754.356811364605,1.0292761383129454,8.524009932897219,15391.954880446721,0.0679,Low
P013,2026-02-25,7375,827,213,0,1364.0,1695.288199607329,1726.9342442373015,0.981675009021146,8.329453109598454,14120.823565884832,0.0868,Low
P013,2026-02-26,9198,1114,316,0,1792.8000000000002,1719.6661515483436,1731.555377990124,0.993133782191293,8.815550698582516,15159.804143610707,0.0391,Low
P013,2026-02-27,6650,1305,299,0,1616.5,1693.8746121989777,1723.4927358190118,0.9828150517651529,9.525997696796116,16135.845654468876,0.0071,Low
P013,2026-02-28,11391,1119,384,0,2082.6000000000004,1791.0559632815869,1748.6296847321921,1.0242625803949261,8.00214153479185,14332.283314912213,0.1198,Low
P013,2026-03-01,10014,1390,326,0,2022.4,1848.891974305671,1767.773406178855,1.045887418254178,7.6217057733493725,14091.710634864852,0.096,Low
P013,2026-03-02,9167,1668,363,0,2113.7,1915.0939823127173,1791.9395266514355,1.0687268979462434,7.02838663122207,13460.020942820538,0.0575,Low
P013,2026-03-03,10175,603,145,0,1464.0,1802.3204847114937,1769.0504198097344,1.018806730628554,5.89166653750721,10618.671289638483,0.304,Low
P013,2026-03-04,9753,1030,213,0,1703.3000000000002,1777.5653632005585,1764.4650668693046,1.0074245087097433,7.0796084466596625,12584.466759804325,0.0493,Low
P013,2026-03-05,9526,1463,343,0,2027.1,1839.949023029913,1782.7667505129352,1.0320750104744636,7.048452405820788,12968.793117962798,0.078,Low
P013,2026-03-06,7603,953,193,0,1429.8000000000002,1737.411766496431,1758.187986101515,0.9881831580859659,5.84479923993007,10154.822972263899,0.1032,Low
P013,2026-03-07,8733,862,226,0,1530.3000000000002,1685.633824578431,1742.3296682692585,0.967459744043879,5.737956317175213,9672.093252184022,0.1489,Low
P013,2026-03-08,7432,948,218,0,1435.2,1623.0253681672982,1720.9703636989166,0.9430873378016943,5.62090545690781,9122.872148631373,0.0938,Low
P013,2026-03-09,4920,1602,383,0,1676.0,1636.2690261677574,1717.8447148584685,0.9525127635168353,7.605402075984791,12444.483848485874,0.0127,Low
P013,2026-03-10,8750,992,157,0,1528.0,1609.2017695610036,1704.6567366248826,0.944003402882795,7.691590594182365,12377.321194897033,0.0687,Low
P013,2026-03-11,11858,1555,290,0,2253.3,1770.2263274599409,1742.7503301939455,1.0157658768627396,5.528531623928457,9786.752232873016,0.038,Low
P013,2026-03-12,10850,1039,140,0,1744.5,1763.7947455862927,1742.8717572015628,1.0120048868645826,6.12776409529265,10808.11811346952,0.1639,Low
P013,2026-03-13,8697,1026,228,0,1610.7,1725.521059151055,1733.7030263149989,0.9952806351534489,6.349963527160065,10956.995790955803,0.1111,Low
P013,2026-03-14,8986,959,266,0,1644.1,1705.165794347869,1727.4897926110516,0.9870771982390631,6.4488381858730595,10996.338287835106,0.1044,Low
P013,2026-03-15,9393,668,202,0,1475.3000000000002,1647.699345728247,1710.0090798763729,0.9635617468251992,6.383705399972465,10518.427210856507,0.3563,Medium
P013,2026-03-16,7387,1280,63,0,1441.7,1596.1995092742368,1691.4175578989773,0.9437051734403958,5.763785350302259,9200.1513477145,0.0858,Low
P013,2026-03-17,11045,1402,244,0,2049.5,1709.5246319919004,1716.2215211135485,0.996097881887484,5.677252946430901,9705.403753972218,0.058,Low
P013,2026-03-18,5410,878,268,0,1248.0,1594.1434739662652,1683.7981846944858,0.9467544738967439,6.256953113118398,9974.480972190602,0.0686,Low
P013,2026-03-19,7798,832,427,0,1622.8000000000002,1601.307605475987,1679.5753834511588,0.9534002532542771,6.470442936092288,10361.169484362958,0.4788,Medium
P013,2026-03-20,10312,709,114,0,1499.7,1575.9057041035649,1667.1261861925293,0.9452827912504173,6.326926176823294,9970.639051497988,0.1782,Low
P013,2026-03-21,8824,922,324,0,1667.4,1598.7792780799869,1667.1451322452906,0.9589922542237508,6.384736926166551,10207.785093547192,0.08,Low
P013,2026-03-22,8511,1140,467,0,1888.1,1671.1094585654766,1682.430225861349,0.9932711757940581,6.154232682349027,10284.396445686245,0.5631,Medium
P013,2026-03-23,10538,972,256,0,1795.8,1702.2820939258809,1690.2711956505136,1.0071058941519062,6.466512871990028,11007.829072129847,0.0873,Low
P013,2026-03-24,8779,1340,211,1,1758.9,1716.4365704450147,1695.0168189996746,1.012636890135174,8.026823158288586,13777.532813381482,0.0184,Low
P013,2026-03-25,9382,1002,224,0,1663.2,1703.127427833335,1692.8171170066644,1.0060906170325097,13.427876983620054,22869.385588375266,0.0126,Low
P013,2026-03-26,7256,1083,268,0,1535.1,1661.120570873993,1681.9149786095024,0.9876364632717253,11.91828528072211,19797.70884935222,0.0253,Low
P013,2026-03-27,10065,826,396,0,1815.5,1699.7154281561893,1691.1475255901687,1.0050663188076199,14.381514055584354,24444.481320521816,0.0197,Low
P013,2026-03-28,7999,1500,99,0,1648.9,1687.0115711169703,1688.2280777808917,0.9992794121406188,14.050846011867447,23703.93980600312,0.0165,Low
P013,2026-03-29,9966,1129,194,0,1755.1,1704.0336783378998,1692.8485181118626,1.0066072953606267,17.121904483472072,29176.301877121092,0.0161,Low
P013,2026-03-30,9951,1370,52,0,1732.1,1711.0502587534781,1695.560207081228,1.0091356482159712,18.375690421978643,31441.729851300366,0.0165,Low
P013,2026-03-31,10068,238,177,0,1302.8000000000002,1608.9876940645274,1668.4296066177922,0.9643725321336813,9.348116768948968,15041.00484391714,0.12,Low
P014,2026-01-01,9705,768,291,0,1645.5,0.0,0.0,0.0,0.0,0.0,0.0,Low
P014,2026-01-02,13679,570,206,0,1858.9,0.0,0.0,0.0,0.0,0.0,0.0,Low
P014,2026-01-03,12823,1677,301,0,2421.8,2050.408108108108,0.0,0.0,5.112623289538578,10482.964246572248,0.0583,Low
P014,2026-01-04,8719,1749,471,0,2217.4,2111.479428571429,0.0,0.0,6.048435551484539,12771.14724199969,0.2634,Low
P014,2026-01-05,11596,876,306,0,1903.6000000000001,2043.339692701665,0.0,0.0,6.632918721764004,13553.306102644381,0.0582,Low
P014,2026-01-06,10337,1219,456,0,2099.2,2060.3283932283935,0.0,0.0,7.412222648732712,15271.612780114574,0.6725,High
P014,2026-01-07,11896,797,449,0,2037.1000000000001,2053.6267309995073,0.0,0.0,8.09182429889223,16617.58668275643,0.6324,Medium
P014,2026-01-08,11047,1326,458,1,2225.7,2101.430858838491,0.0,0.0,10.658832513769704,22398.799563626704,0.6886,High
P014,2026-01-09,8910,1109,258,0,1703.5,1993.8721307756714,0.0,0.0,8.480346701749173,16908.72694793306,0.0934,Low
P014,2026-01-10,8225,1224,562,1,1996.5,1994.5683019260719,0.0,0.0,10.874423596534013,21689.780607363653,0.7524,High
P014,2026-01-11,7817,1110,375,0,1711.7,1920.7327728291425,0.0,0.0,9.861471169426396,18941.25086342701,0.0836,Low
P014,2026-01-12,10762,1086,181,0,1800.2,1889.6138455259907,0.0,0.0,9.30980423901532,17591.934989179907,0.0741,Low
P014,2026-01-13,10926,893,92,0,1631.1000000000001,1823.412624252378,0.0,0.0,8.364367513141906,15251.693317349418,0.0622,Low
P014,2026-01-14,12369,1407,316,0,2256.4,1933.6231943986938,1953.1605399176533,0.9899970560434558,7.501464801656784,14505.006332448955,0.0349,Low
P014,2026-01-15,10921,1442,334,0,2147.1000000000004,1987.7152529139482,1973.4987050408338,1.007203722893136,8.191175091326956,16281.723668319393,0.0258,Low
P014,2026-01-16,11933,1031,442,0,2150.8,2028.8992098374042,1991.4476264949226,1.0188062054237081,8.330960340702033,16902.678852437108,0.223,Low
P014,2026-01-17,11058,1178,184,0,1878.8,1991.0901990547507,1980.4003347787368,1.0053978248914153,8.148268100599893,16223.936754374916,0.0436,Low
P014,2026-01-18,11008,870,247,0,1782.8,1938.7224149047306,1961.5698191916524,0.9883524848583458,8.264092960487986,16021.782261354452,0.0479,Low
P014,2026-01-19,9354,800,524,0,1859.4,1918.8076057377589,1952.0832332640293,0.982953781483913,8.367373604687472,16055.38011272369,0.2428,Low
P014,2026-01-20,12574,1696,189,0,2294.4,2013.004422372842,1983.1262586113346,1.015066188287864,9.690689307560358,19507.400431960217,0.0229,Low
P014,2026-01-21,10684,732,242,0,1676.4,1928.652693873266,1955.9020594053472,0.9860681288913581,8.47015771608898,16335.992496666442,0.0625,Low
P014,2026-01-22,9200,1492,271,0,1937.0,1930.743249552209,1954.2569235576357,0.987967966953751,9.026968926983214,17428.759319690387,0.0194,Low
P014,2026-01-23,12180,1301,541,0,2409.5,2050.5927784600567,1993.1756555963218,1.0288068502213812,7.564188773682416,15511.070874221794,0.1696,Low
P014,2026-01-24,8358,1498,426,0,2010.8000000000002,2040.6345918874954,1994.6578680559917,1.0230499246699454,7.62281737183776,15555.384816613057,0.0765,Low
P014,2026-01-25,9117,1422,345,0,1967.7,2022.3872119692353,1992.4245049991341,1.0150383097299494,8.030502059337723,16240.78467049722,0.0332,Low
P014,2026-01-26,10236,873,239,0,1699.1,1941.5197667767827,1968.4563179610257,0.9863158959629323,7.052346681448042,13692.27048419402,0.0841,Low
P014,2026-01-27,13652,1120,389,0,2314.2,2034.7292812008911,1996.3522108806887,1.0192235918686094,7.295109876632059,14843.57367556107,0.0781,Low
P014,2026-01-28,9391,886,419,0,1801.1,1976.3034118982505,1980.7809994109375,0.9977394787755873,7.665055265680931,15148.474873953875,0.131,Low
P014,2026-01-29,8553,995,314,0,1666.8000000000002,1898.9091306136627,1956.0084000372249,0.9708082648670844,6.537269992356471,12413.681677772413,0.0439,Low
P014,2026-01-30,10744,1066,351,0,1958.4,1913.784504435596,1956.1952376181894,0.9783197800760269,8.64025150430347,16535.57944336233,0.0346,Low
P014,2026-01-31,11616,1340,213,0,2044.6000000000001,1946.4927591580679,1963.0389643976075,0.9915711223998407,8.680525392780586,16896.579822735155,0.0299,Low
P014,2026-02-01,10151,1478,401,0,2155.1,1998.649808670693,1977.782537367554,1.0105508370123468,8.28662438299472,16562.060237598296,0.0258,Low
P014,2026-02-02,8518,1225,113,0,1577.3000000000002,1893.3044198531359,1947.2774050538537,0.9722828422989617,7.134831000922846,13508.407068952398,0.1017,Low
P014,2026-02-03,10648,1689,216,0,2125.3,1951.3065922729925,1960.7405462345873,0.9951885710061958,8.607713381908225,16796.287866513972,0.0299,Low
P014,2026-02-04,9326,1349,157,0,1764.1,1904.5029607432655,1945.9677974131673,0.9786919153996579,8.283944306760828,15776.796458858315,0.0853,Low
P014,2026-02-05,9628,1299,248,0,1860.3000000000002,1893.4518693120422,1939.5713514173722,0.9762218121886336,9.105634288028403,17241.080263939206,0.014,Low
P014,2026-02-06,10223,1343,353,0,2046.8000000000002,1931.7898158775417,1947.53227473012,0.9919167096864021,9.076512631275655,17533.91466478218,0.0194,Low
P014,2026-02-07,10977,1018,348,0,1954.7,1937.5174643091948,1948.0616311914775,0.994587349466091,9.31213489724693,18042.423993419034,0.0194,Low
P014,2026-02-08,10392,1257,261,0,1928.7,1935.3130686736395,1946.638675202648,0.9941819626748918,10.59896370927002,20512.312980947903,0.0151,Low
P014,2026-02-09,10303,823,308,0,1749.8,1888.9343350935458,1932.2375019463207,0.9775891024860831,13.565959664597141,25625.20699895166,0.0137,Low
P014,2026-02-10,9361,786,337,0,1666.1,1833.2253311384022,1912.8476413973474,0.9583749807775959,13.71685522416735,25146.086460501712,0.0137,Low
P014,2026-02-11,10896,1355,268,0,2035.1000000000001,1883.6942838480447,1921.7200039623579,0.9802126585360847,13.211481837606138,24886.392818660945,0.0097,Low
P014,2026-02-12,11189,1285,356,0,2117.4,1942.1209607683306,1935.8702526033967,1.0032288827850107,11.80061154724733,22918.21503579384,0.0097,Low
P014,2026-02-13,9339,1165,348,0,1864.4,1922.6906587496796,1930.7192531833653,0.9958416510433278,12.249100903964289,23551.231886134396,0.0097,Low
P014,2026-02-14,10588,494,327,0,1632.8,1850.2178211076591,1909.3141293123558,0.9690484048759098,10.060867775139318,18614.79685337053,0.0181,Low
P014,2026-02-15,13896,1012,238,0,2133.6000000000004,1921.0634926343016,1925.3824585830569,0.9977568218163253,9.08014725309749,17443.539395669224,0.0235,Low
P014,2026-02-16,11137,1214,430,0,2150.7,1978.4726965413865,1941.4816069658796,1.0190530156207793,8.885979628310137,17580.668076634585,0.1884,Low
P014,2026-02-17,8690,1339,370,0,1908.5,1960.9795047939983,1939.1308829263755,1.0112672187046903,10.392539498836117,20379.556959979716,0.0194,Low
P014,2026-02-18,10364,1222,414,0,2061.4,1986.0846475522799,1947.82539668359,1.0196420278416178,10.437461975099088,20729.682988154997,0.114,Low
P014,2026-02-19,11886,777,393,0,1970.1000000000001,1982.0884834010956,1949.4059469581323,1.0167653773326728,10.973886332591393,21751.213717982086,0.0192,Low
P014,2026-02-20,10480,1142,318,0,1937.0,1970.816357763085,1948.5274019665458,1.0114388669410836,11.183144214064905,22039.923548302715,0.0097,Low
P014,2026-02-21,10352,1477,303,0,2076.7,1997.2872767547822,1957.587359717377,1.0202800179708642,20.793877976894056,41531.347917641964,0.0097,Low
P014,2026-02-22,8898,1002,329,0,1719.8000000000002,1927.9154409919795,1940.808077974241,0.993357072725455,13.649746203289919,26315.55647094428,0.0097,Low
P014,2026-02-23,12421,1301,226,0,2118.6000000000004,1975.5865892860686,1953.3338028776486,1.0113922035556417,14.637890999212672,28918.421153475807,0.0097,Low
P014,2026-02-24,14305,1199,439,0,2469.0,2098.9399585421074,1989.6094017205162,1.0549507587657858,9.244638817155693,19403.941815617527,0.1538,Low
P014,2026-02-25,10350,1280,395,0,2070.0,2091.7049681773437,1995.2568414821453,1.048338697157488,9.209005839344043,19262.5232661301,0.014,Low
P014,2026-02-26,12404,1437,398,0,2356.9,2158.0037311448505,2020.6296833626097,1.0679857562390025,8.63501597444433,18634.396691346254,0.0278,Low
P014,2026-02-27,10105,948,344,0,1828.5,2075.6277936882425,2007.165967763546,1.0341086968806532,7.829409774202468,16250.940535509031,0.0691,Low
P014,2026-02-28,11977,1053,418,0,2142.2,2092.270845973879,2016.6181396030936,1.0375146362665015,7.875795467833278,16478.297246200775,0.1547,Low
P014,2026-03-01,12756,845,227,0,1925.1000000000001,2050.478133147574,2010.2186226570557,1.0200274238018103,9.12195408250789,18704.367377758674,0.0452,Low
P014,2026-03-02,10367,1212,259,0,1901.7,2013.2835989710368,2002.6376093568617,1.005315979042476,8.35420461395061,16819.383131714927,0.0258,Low
P014,2026-03-03,12605,1247,315,0,2199.0,2059.7127000611695,2016.343062264647,1.0215090519034602,10.978956145521026,22613.495406344282,0.0097,Low
P014,2026-03-04,8423,725,339,0,1543.8000000000002,1930.7345233105723,1983.3884936656164,0.9734525130816625,7.1419477131134155,13789.205013387062,0.0651,Low
P014,2026-03-05,7378,1424,295,0,1744.8000000000002,1884.2508920138773,1966.7624832563097,0.9580469926972116,8.360823711039808,15753.889535497534,0.0195,Low
P014,2026-03-06,15442,1812,293,0,2743.2,2098.9881706355436,2020.829544180599,1.0386765010899874,5.434731176884302,11407.436450864336,0.0307,Low
P014,2026-03-07,10418,1419,481,0,2232.3,2132.316128165827,2035.5453954103446,1.0475404392838756,5.438287532140838,11596.148214387043,0.1194,Low
P014,2026-03-08,8120,584,249,0,1353.0,1937.4870952949814,1988.0778385774013,0.9745529314565721,4.105848140269282,7955.027787012633,0.1393,Low
P014,2026-03-09,11451,1269,418,0,2197.6000000000004,2002.5153216788556,2002.6406005173171,0.9999374381814672,4.1804069913992405,8371.329051130388,0.0265,Low
P014,2026-03-10,8778,425,397,0,1487.3000000000002,1873.7114909507122,1966.8413388545828,0.9526500406562503,3.7099312100243824,6951.340738859365,0.0549,Low
P014,2026-03-11,9335,514,326,0,1516.5,1784.4086180526529,1935.5730793590772,0.9219019565122808,3.510134516916455,6263.514282509807,0.0158,Low
P014,2026-03-12,11767,1083,265,0,1983.2,1834.1064636064298,1938.8783855576755,0.945962607974127,3.6356229297344504,6668.1195146617,0.0247,Low
P014,2026-03-13,10338,1009,176,0,1714.3,1804.154847674565,1923.2994235788528,0.9380519830536294,5.062837386091191,9134.142613104445,0.0417,Low
P014,2026-03-14,9505,1276,343,0,1931.5,1835.9911357800445,1923.868066178407,0.9543227825824097,5.959598591822181,10941.77018739276,0.042,Low
P014,2026-03-15,10829,821,293,0,1786.4,1823.5933518279885,1914.3393705473247,0.9525966870652834,7.1110620350149265,12967.685451489626,0.0287,Low
P014,2026-03-16,7312,1173,454,1,1771.7,1810.6200138654624,1904.4556834443972,0.9507283472637666,9.60010095037798,17382.134915883216,0.4963,Medium
P014,2026-03-17,8366,944,344,0,1652.6,1771.1150103864695,1887.0099269005086,0.9385827683004143,11.098675465268707,19657.03071194544,0.014,Low
P014,2026-03-18,12456,985,242,0,1980.1000000000001,1823.361257802377,1893.4562148673701,0.9629804132018405,13.689383401965042,24960.69133834596,0.0138,Low
P014,2026-03-19,7624,1151,515,0,1852.9,1830.7459433531105,1890.648576649539,0.9683163525366798,15.713982176178767,28768.30912296236,0.1439,Low
P014,2026-03-20,10993,1113,343,0,1998.8,1872.7594575204985,1898.1337498692367,0.9866319735283112,14.900568028937212,27905.179698619737,0.0097,Low
P014,2026-03-21,10561,876,393,0,1887.1000000000001,1876.3445931407364,1897.370289439286,0.9889185014096811,15.359982870950569,28820.620810642424,0.0137,Low
P014,2026-03-22,10916,1125,214,0,1868.1000000000001,1874.283444855396,1895.345445547884,0.9888875082741053,15.71566323570346,29455.60742760158,0.0138,Low
P014,2026-03-23,12532,1319,256,0,2168.7,1947.8875836457341,1914.2514089713295,1.017571445600641,12.266045188668292,23892.87712344446,0.0097,Low
P014,2026-03-24,12080,971,233,0,1926.5,1942.5406877340724,1915.0983886051865,1.0143294407999468,17.780650819836655,34539.637671924895,0.0138,Low
P014,2026-03-25,9438,589,358,0,1596.3000000000002,1855.9805157977844,1893.0577989789742,0.9804140724042719,10.766496297911324,19982.407352332397,0.0152,Low
P014,2026-03-26,7830,751,104,0,1262.5,1707.6103868447774,1849.4707202753473,0.923296789125476,5.732403967206249,9788.7125559916,0.1919,Low
P014,2026-03-27,10448,1075,278,0,1860.3,1745.78279013427,1850.219171207824,0.9435545841626299,6.059279971624073,10578.186695066575,0.075,Low
P014,2026-03-28,9013,768,358,0,1643.3000000000002,1720.1620926003566,1835.9203522204057,0.9369480986201121,5.932640701730482,10205.103644134753,0.0859,Low
P014,2026-03-29,9751,1215,223,0,1805.6,1741.5215694504836,1833.8254015505356,0.9496659597371337,6.0671272101924165,10566.03290115003,0.073,Low
P014,2026-03-30,10849,1511,370,0,2210.4,1858.7411770887527,1859.84106097631,0.9994086086683848,6.2503731971310845,11617.826033679423,0.0377,Low
P014,2026-03-31,9959,1197,287,0,1881.4,1864.4058828165969,1861.3302825179067,1.0016523613842494,6.350543337999494,11839.990358448005,0.0637,Low
P015,2026-01-01,8022,852,272,0,1500.2,0.0,0.0,0.0,0.0,0.0,0.0,Low
P015,2026-01-02,7020,596,111,0,1111.0,0.0,0.0,0.0,0.0,0.0,0.0,Low
P015,2026-01-03,6110,536,266,0,1145.0,1220.372972972973,0.0,0.0,5.6613766653572215,6908.991072221808,0.0366,Low
P015,2026-01-04,7171,1055,254,0,1498.6,1322.1245714285715,0.0,0.0,6.152917174000861,8134.922981711386,0.0077,Low
P015,2026-01-05,5557,1098,331,0,1435.7,1359.3528809218951,0.0,0.0,7.0097573315816835,9528.733823248938,0.0125,Low
P015,2026-01-06,7019,1027,165,0,1380.4,1365.7539055539057,0.0,0.0,7.835313237688254,10701.109655610951,0.0052,Low
P015,2026-01-07,8657,522,71,0,1197.7,1317.2683947312814,0.0,0.0,7.813086338071012,10291.931698447708,0.037,Low
P015,2026-01-08,7936,864,211,0,1436.6,1350.4202221280204,0.0,0.0,8.495155922756027,11472.030348220362,0.0052,Low
P015,2026-01-09,6734,781,277,0,1340.9,1347.846953530671,0.0,0.0,10.28118687737256,13857.466411346119,0.0052,Low
P015,2026-01-10,8443,956,183,0,1505.3000000000002,1389.559177061364,0.0,0.0,13.0312779014048,18107.73179673399,0.0,Low
P015,2026-01-11,10268,548,299,0,1599.8,1444.437161953093,0.0,0.0,11.354594250777986,16400.99789472266,0.019,Low
P015,2026-01-12,10283,1045,230,0,1780.8,1531.2786944174718,0.0,0.0,8.102257396504145,12406.814127953172,0.0052,Low
P015,2026-01-13,7718,1212,108,0,1485.8000000000002,1519.632335181895,0.0,0.0,8.19315807154041,12450.587932769346,0.0106,Low
P015,2026-01-14,7055,782,374,0,1470.5,1507.1264216695974,1447.709162400541,1.041042255172379,10.783811614461591,16252.567410462541,0.0848,Low
P015,2026-01-15,9080,611,219,0,1432.5,1488.2171225709642,1446.1141984042704,1.0291145152450667,10.61799954183762,15801.888725613398,0.1309,Low
P015,2026-01-16,7589,688,348,0,1450.9,1478.7933916830048,1446.5986843013213,1.0222554447950978,12.100883491140099,17894.706540223946,0.0671,Low
P015,2026-01-17,6452,1384,333,0,1670.2,1527.0074663977737,1468.527144221048,1.0398224248074905,11.596705774515868,17708.256303303908,0.0037,Low
P015,2026-01-18,10146,762,235,0,1630.6,1553.0524337743188,1483.9720342330322,1.0465510046565532,11.599650329534917,18014.865175215284,0.0707,Low
P015,2026-01-19,6360,744,300,0,1308.0,1491.5291876606088,1467.6328272458998,1.016282240222665,12.141345532063104,18109.171238544845,0.0671,Low
P015,2026-01-20,10454,569,214,0,1543.9,1504.6635425685508,1474.5491223475035,1.0204227919981919,12.108769660432753,18219.624253413334,0.0743,Low
P015,2026-01-21,8283,482,309,0,1378.3000000000002,1472.997341750843,1466.006308660625,1.0047687537231116,11.105932559719617,16359.00913813113,0.0539,Low
P015,2026-01-22,7424,842,205,0,1368.4,1446.8012775979728,1457.5111688508866,0.9926519251390185,10.398401715307337,15044.420886683607,0.0547,Low
P015,2026-01-23,7326,899,229,0,1411.1,1437.8640014185282,1453.5434778796687,0.989212922357065,10.179190774223542,14636.291977827628,0.0399,Low
P015,2026-01-24,7952,683,282,0,1418.7,1433.068188987534,1450.6131313164965,0.9879051472586002,12.842868213730384,18404.705892456168,0.0646,Low
P015,2026-01-25,10990,943,350,0,1920.5,1555.0179142085908,1489.541579635948,1.0439573658286678,7.484583731820571,11638.661783375175,0.0611,Low
P015,2026-01-26,6425,948,141,0,1257.5,1480.5964316065338,1470.580954503899,1.0068105513020928,6.873619754313916,10177.056880457363,0.0561,Low
P015,2026-01-27,6295,679,369,0,1338.0,1444.932226843909,1459.8838274061127,0.9897583559875768,6.632241195080305,9583.139038973293,0.1289,Low
P015,2026-01-28,9935,974,97,0,1577.5,1478.08469535448,1469.263625398983,1.0060037284956702,6.682879411219648,9877.861778623319,0.0573,Low
P015,2026-01-29,8216,992,268,0,1585.6,1504.9699231427574,1478.4423795464888,1.0179428929959224,6.848964423420013,10307.485461921897,0.0189,Low
P015,2026-01-30,5744,634,244,0,1135.4,1412.5609397676665,1451.6430780912467,0.973077302097054,5.439783720816606,7684.026004809558,0.3492,Low
P015,2026-01-31,9314,242,234,0,1286.4,1381.0164798690632,1438.8510242676934,0.9598050437319487,5.1526647992468515,7115.915003001121,0.1535,Low
P015,2026-02-01,8725,1156,320,0,1770.5,1478.3971420255293,1464.310070964911,1.009620271856174,6.535363781893631,9661.863137248698,0.0784,Low
P015,2026-02-02,9384,661,59,0,1327.9,1440.770021717516,1453.919587297238,0.9909557752683393,6.574038004163589,9471.67687803055,0.3088,Low
P015,2026-02-03,7920,1202,390,0,1783.0,1526.3323509438676,1478.8066307501863,1.0321378798850753,6.108529657337181,9323.646432693797,0.0754,Low
P015,2026-02-04,9576,1030,288,0,1760.6,1584.901745283195,1499.9765407366183,1.0566176814596675,5.896441244377117,9345.280019173106,0.0655,Low
P015,2026-02-05,7676,862,417,1,1615.6,1592.5765528967572,1508.6096471705134,1.05565846362387,5.893624911825513,9386.04884614153,0.6588,High
P015,2026-02-06,7096,1385,218,0,1620.1,1599.4575787013016,1516.8869700755279,1.0544342457350795,7.665901101489961,12261.283614352775,0.0798,Low
P015,2026-02-07,10498,479,309,0,1598.3,1599.1681788519775,1522.8995489351405,1.0500811885257662,10.042049316264311,16058.925717032143,0.1194,Low
P015,2026-02-08,7405,476,272,0,1250.5,1511.9999653195662,1502.8799252950453,1.006068369009618,7.442841831350018,11253.576590880244,0.0725,Low
P015,2026-02-09,10024,648,100,0,1426.4,1490.599758776675,1497.2844768717566,0.995535432208312,7.982915064750936,11899.33126985243,0.2593,Low
P015,2026-02-10,8372,875,305,0,1579.7,1512.874987092054,1503.2889876559966,1.0063766777053542,9.213842218692191,13939.39142767217,0.0302,Low
P015,2026-02-11,9934,883,436,1,1870.9,1602.3817466434873,1529.96804908014,1.0473301956427015,8.394720623117903,13451.54709465577,0.8236,High
P015,2026-02-12,8846,797,89,0,1372.1,1544.811065731986,1518.5521036989371,1.0172920980427116,7.641054642428521,11803.985765486343,0.126,Low
P015,2026-02-13,8116,800,346,0,1557.6,1548.0083094725117,1521.3663611539423,1.0175118491007276,7.781149129679776,12045.283509989096,0.0302,Low
P015,2026-02-14,9204,547,268,0,1461.9,1526.4811807304336,1517.0937778513962,1.0061877472271061,7.751835351196793,11833.030779722796,0.0737,Low
P015,2026-02-15,9517,1359,339,0,1970.2,1637.4110840963892,1549.5552964917151,1.0566974132750284,7.162448244529151,11727.872144858757,0.0481,Low
P015,2026-02-16,9651,919,289,0,1713.6,1656.4583386411755,1561.276443485366,1.0609641456792147,7.649120821386113,12670.449967858864,0.1353,Low
P015,2026-02-17,10384,501,215,0,1503.9,1618.3187155821358,1557.187007056698,1.0392577756273524,7.280669316286632,11782.443416511249,0.1825,Low
P015,2026-02-18,7351,1015,373,0,1615.6,1617.6390361733788,1561.340734366594,1.0360576587845494,8.222290038812288,13300.697333522283,0.118,Low
P015,2026-02-19,7615,184,209,0,1062.5,1478.854198533175,1525.944240500635,0.9691403850750048,5.369910278545233,7941.314361173068,0.2363,Low
P015,2026-02-20,9880,1062,293,0,1812.0,1562.1406842750864,1546.20169087268,1.0103084761796668,5.348490054616259,8355.093913756737,0.0478,Low
P015,2026-02-21,8090,517,302,0,1369.5,1513.9804978646016,1533.711424791087,0.9871351699681544,5.032265841829044,7618.752344599364,0.1691,Low
P015,2026-02-22,7259,1556,307,0,1810.9,1588.210391133231,1553.271022933464,1.0224940512370089,5.865278220984304,9315.295817454702,0.0543,Low
P015,2026-02-23,7639,718,241,0,1363.9,1532.132783301505,1539.9295318751817,0.9949369381119979,5.695886777564885,8726.854861880727,0.24,Low
P015,2026-02-24,8151,1236,269,0,1702.1,1574.6245931866365,1551.3377468768335,1.0150108099970985,5.643006275373431,8885.616460709527,0.0408,Low
P015,2026-02-25,7413,1468,255,0,1730.3000000000002,1613.5434488127291,1563.9098456763077,1.031736863193408,5.605054985696873,9043.999752406315,0.0869,Low
P015,2026-02-26,9663,719,287,0,1612.8000000000002,1613.3575865954967,1567.3399732093446,1.0293603199555497,8.424292266856618,13591.3958404309,0.1574,Low
P015,2026-02-27,8977,334,452,0,1516.7,1589.193188576595,1563.7913169824562,1.0162437667710789,9.01147331245972,14320.972007200755,0.3232,Low
P015,2026-02-28,10446,782,140,0,1575.6000000000001,1585.7948912879438,1564.6179063927843,1.0135349178053532,10.63035644380424,16857.564941154636,0.1036,Low
P015,2026-03-01,9031,927,286,0,1652.6,1602.4961689985876,1570.770161032456,1.0201977339213657,12.850277658299905,20592.52071799374,0.0374,Low
P015,2026-03-02,8797,1053,395,0,1801.2,1652.1721279371236,1586.8677821706738,1.0411529782686686,17.029515437004502,28135.69075729382,0.0199,Low
P015,2026-03-03,9362,586,387,0,1616.2,1643.1790957915166,1588.9150750806045,1.0341516115118004,17.183913324962354,28236.247159471433,0.0403,Low
P015,2026-03-04,10971,1847,138,0,2158.6000000000004,1772.0343235772884,1628.6441970110322,1.0880426283094775,8.111597348082478,14374.02891984066,0.0887,Low
P015,2026-03-05,8874,276,306,0,1331.4,1661.87574157139,1607.930770987489,1.0335493052448261,6.388681889980417,10617.195453574916,0.1964,Low
P015,2026-03-06,7688,1478,173,0,1680.8000000000002,1666.6068062143474,1613.0050042123964,1.0332310138714131,6.617756852271699,11029.19861186765,0.0574,Low
P015,2026-03-07,5976,760,53,0,1030.6,1507.605103758265,1572.476480432373,0.9587457192086409,4.242408478125419,6395.876673849216,0.0239,Low
P015,2026-03-08,9637,282,253,0,1357.7,1470.1288276591617,1557.539869827632,0.943878771066752,4.008012964094172,5892.295400146488,0.049,Low
P015,2026-03-09,5393,805,415,1,1356.8000000000002,1441.7966206539136,1543.5875178840429,0.9340556298937808,4.026496461874803,5805.38899180603,0.0249,Low
P015,2026-03-10,9051,642,247,0,1473.1,1449.6224655091748,1538.6909483256684,0.9421141117814757,4.086758094195965,5924.256344447932,0.0794,Low
P015,2026-03-11,8537,1043,114,0,1489.2,1459.5168491496506,1535.2546752558642,0.950667575332238,7.358493116866563,10739.844688418478,0.0277,Low
P015,2026-03-12,9399,100,187,0,1176.9,1388.8626367670706,1510.3848765479022,0.9195421969173833,6.497395975866093,9023.990507161136,0.1332,Low
P015,2026-03-13,7778,1091,253,0,1576.3000000000002,1435.7219776226407,1514.9573967374104,0.9476979162830658,7.53538869091926,10818.723153481882,0.0094,Low
P015,2026-03-14,6402,606,270,0,1213.2,1380.0914831748316,1494.0330004872985,0.923735602551845,9.40511217574145,12979.915212044687,0.0539,Low
P015,2026-03-15,8391,727,202,0,1404.6,1386.2186123846054,1487.833889197612,0.9317025328782953,9.44618181242201,13094.473044348335,0.0182,Low
P015,2026-03-16,9554,746,241,0,1569.4,1432.013959307971,1493.4857223084857,0.9588400667842353,8.873565707411169,12707.069961849304,0.0257,Low
P015,2026-03-17,11765,474,65,0,1478.5,1443.635469484693,1492.4476783801028,0.9672938493754576,8.92686011092048,12887.131887252865,0.1638,Low
P015,2026-03-18,9685,697,218,0,1535.0,1466.4766021189955,1495.3943354154583,0.9806621287654872,8.830599204991579,12949.867116810754,0.0975,Low
P015,2026-03-19,7338,823,410,0,1555.3000000000002,1488.6824515932392,1499.5415033378636,0.9927584120559271,11.377521561090683,16937.516690619417,0.1395,Low
P015,2026-03-20,9713,1160,109,0,1660.3000000000002,1531.586838700715,1510.6676185268889,1.0138476589944707,10.585247174960482,16212.2252575634,0.0344,Low
P015,2026-03-21,6783,100,169,0,897.3000000000001,1373.0151290094989,1468.226751975796,0.9351519564742365,5.421710697749947,7444.090813123324,0.1327,Low
P015,2026-03-22,9945,1056,228,0,1750.5,1467.3863467642823,1487.7536945826848,0.9863099935455274,5.294725012709853,7769.40719352178,0.0552,Low
P015,2026-03-23,8477,694,271,0,1465.7,1466.9647600731878,1486.2283995534224,0.9870385673181804,5.332500647249293,7822.590532582178,0.211,Low
P015,2026-03-24,9659,416,280,0,1453.9,1463.6985700547516,1483.9929182680362,0.9863244912919026,5.317875151913503,7783.7662555854895,0.2089,Low
P015,2026-03-25,9909,777,320,0,1699.4,1522.6239275429493,1498.885399725695,1.0158374467208928,5.28632800626565,8049.089511180493,0.0849,Low
P015,2026-03-26,12732,870,290,0,1998.2,1641.5179456600654,1533.400340013908,1.0705083937441235,4.748163421882865,7794.195465947428,0.0599,Low
P015,2026-03-27,7403,955,296,0,1513.8000000000002,1609.5884592444745,1532.0456891845574,1.0506138688298854,4.691165685107796,7550.846147153207,0.0432,Low
P015,2026-03-28,8802,595,271,0,1448.7,1569.3663444328129,1526.2862183918069,1.028225450272455,7.562648010277085,11868.565262120635,0.0992,Low
P015,2026-03-29,10703,1036,346,0,1934.3,1660.5997583255335,1554.4774722031989,1.0682687767029762,7.01920763239058,11656.094497984537,0.0821,Low
P015,2026-03-30,8155,1126,278,0,1656.5,1659.5748187441425,1561.5256994278886,1.0627905827770054,7.438520044682889,12344.780554879277,0.0906,Low
P015,2026-03-31,7084,997,151,0,1357.9,1584.1561140576773,1547.4598969467245,1.0237138338422982,6.573573239319669,10413.566238274185,0.0598,Low
P016,2026-01-01,7977,904,107,0,1356.7,0.0,0.0,0.0,0.0,0.0,0.0,Low
P016,2026-01-02,9274,986,156,0,1576.4,0.0,0.0,0.0,0.0,0.0,0.0,Low
P016,2026-01-03,5387,771,182,0,1106.2,1319.62972972973,0.0,0.0,5.609047120861238,7401.865336143434,0.0127,Low
P016,2026-01-04,7863,706,26,0,1165.3000000000002,1263.189142857143,0.0,0.0,5.94792528546228,7513.354643121425,0.0169,Low
P016,2026-01-05,7111,723,290,0,1362.6,1295.7745198463508,0.0,0.0,6.967889639489969,9028.813851952476,0.034,Low
P016,2026-01-06,6646,1318,35,0,1358.6,1314.8815265815265,0.0,0.0,7.857092052613409,10331.145192631899,0.0,Low
P016,2026-01-07,9660,747,312,0,1651.5,1411.999880256392,0.0,0.0,7.154919961937316,10102.74612949956,0.0458,Low
P016,2026-01-08,7813,1156,188,0,1547.3000000000002,1449.5879626960575,0.0,0.0,6.957783007715023,10085.918495034868,0.021,Low
P016,2026-01-09,6045,1241,215,0,1440.0,1446.9963841607514,0.0,0.0,7.439123111577538,10764.384243779376,0.0085,Low
P016,2026-01-10,8025,1185,123,0,1518.0,1465.806554949991,0.0,0.0,9.263970056067985,13579.188033044888,0.0191,Low
P016,2026-01-11,8586,638,213,0,1390.6,1446.1758089863054,0.0,0.0,13.173825937201455,19051.668382177086,0.0176,Low
P016,2026-01-12,7801,364,148,0,1110.1,1359.4083811514067,0.0,0.0,7.856264515124694,10679.871826402901,0.0122,Low
P016,2026-01-13,9720,1080,220,0,1732.0,1454.8230780079798,0.0,0.0,7.1968108217968085,10470.086471607572,0.0125,Low
P016,2026-01-14,8058,726,362,0,1530.8000000000002,1474.1618863883502,1434.0411377909384,1.0279773970636865,7.746451666254222,11419.523801141502,0.0803,Low
P016,2026-01-15,7393,884,341,0,1522.3000000000002,1486.3594160026842,1443.2967235929707,1.0298363333106924,7.873867368668758,11703.396903777088,0.0693,Low
P016,2026-01-16,6527,1282,73,0,1366.7,1456.141702070552,1435.5425299435256,1.0143493916438289,7.572795455145642,11027.063263487915,0.0499,Low
P016,2026-01-17,10138,703,202,0,1567.3000000000002,1484.141751434893,1448.463913667186,1.0246314921516158,7.574674446045297,11241.890598902793,0.1034,Low
P016,2026-01-18,4858,678,122,1,946.8,1349.0446754244197,1400.657364369759,0.963151088988795,4.86827261823095,6567.517254138962,0.5566,Medium
P016,2026-01-19,6782,773,322,0,1386.7,1358.49847992525,1399.3614069386463,0.9707988683132401,5.486625204695772,7453.572000498771,0.077,Low
P016,2026-01-20,8004,907,117,0,1370.9,1361.6087231844942,1396.7803818096672,0.9748194713847574,6.468026381083488,8806.921142270714,0.1097,Low
P016,2026-01-21,6372,1354,153,0,1467.2,1388.0694768818994,1403.0306380554243,0.9893365328873885,6.78989145294532,9424.841077174691,0.0778,Low
P016,2026-01-22,10177,742,226,0,1614.7,1444.8283545285433,1421.4532261835077,1.016444521529105,6.626809032592471,9574.601590335467,0.1497,Low
P016,2026-01-23,9299,1196,215,0,1742.9,1519.4460936144735,1448.9337118893634,1.048665008385038,5.959477455029877,9055.10473902867,0.0629,Low
P016,2026-01-24,7111,798,260,0,1370.1,1482.0720694409922,1442.3037739280928,1.0275727526725271,5.93548106912888,8796.810711251672,0.107,Low
P016,2026-01-25,9030,816,288,0,1599.0,1511.3260669852211,1455.2854964341584,1.0385082929111122,10.305873080034166,15575.534628896903,0.0848,Low
P016,2026-01-26,10151,929,257,0,1736.6,1567.676354769244,1478.2723199797006,1.060478724370611,9.930215981072223,15567.364791278595,0.0676,Low
P016,2026-01-27,5415,100,265,0,856.5,1389.806972954606,1428.1054045460617,0.9731823427028815,4.51644446377027,6276.986008710148,0.1118,Low
P016,2026-01-28,7551,660,251,0,1336.1,1376.3759656495408,1420.7680453218827,0.9687548650139909,4.399461754803492,6055.3134211058805,0.1491,Low
P016,2026-01-29,7602,1153,235,0,1571.7,1425.218604131115,1432.676335482584,0.994794538644416,4.599968437231365,6555.9605951580725,0.0334,Low
P016,2026-01-30,6573,1112,205,0,1418.3000000000002,1423.4886441584683,1431.553221338702,0.9943665474648874,5.022485904253752,7149.451650151193,0.0785,Low
P016,2026-01-31,8483,671,161,0,1344.8000000000002,1403.8138479441775,1424.8373462197542,0.9852449767801188,4.939252614357915,6933.791218530124,0.3299,Low
P016,2026-02-01,7819,818,274,0,1464.9,1419.0869201752869,1427.912757416649,0.9938190571281679,5.186802326725526,7360.523339390938,0.1255,Low
P016,2026-02-02,7290,264,183,0,1044.0,1325.3081249008653,1398.6697608583147,0.947548987269218,5.266471588324534,6979.69758556607,0.07,Low
P016,2026-02-03,8884,725,202,0,1452.9,1357.2078961559378,1402.7709782686684,0.9675192226715741,8.142579712732248,11051.173481199354,0.0997,Low
P016,2026-02-04,9173,601,72,0,1289.8000000000002,1340.355207927545,1394.2839601127985,0.9613215361137011,7.911052391479,10603.620273106537,0.1218,Low
P016,2026-02-05,7452,669,130,0,1209.7,1307.690367733717,1380.5018696633706,0.9472572163774176,8.617793734046876,11269.40585712908,0.0238,Low
P016,2026-02-06,7430,962,225,0,1449.0,1343.0186179491636,1385.5873423414705,0.9692774805425505,8.635152863443164,11597.171064441201,0.0216,Low
P016,2026-02-07,8154,1359,192,0,1686.9,1428.9905004993097,1407.8401207634518,1.0150232752097985,6.8522493322353535,9791.79920281706,0.0575,Low
P016,2026-02-08,8111,662,142,0,1284.1,1392.7673896667504,1398.7460137557557,0.9957257186169137,6.755692912677169,9409.108783379546,0.2555,Low
P016,2026-02-09,6816,671,262,0,1279.1,1364.3502564707428,1389.9924343499215,0.9815522825441176,8.334912886933221,11371.74053494864,0.1355,Low
P016,2026-02-10,11217,600,185,0,1606.7,1424.9381493335354,1405.7810002120523,1.0136273992765015,7.730820546551032,11015.941122432097,0.2357,Low
P016,2026-02-11,7598,933,253,0,1479.3000000000002,1438.528688879512,1411.1165800649997,1.019425821372598,8.029736347260014,11551.00609967211,0.0366,Low
P016,2026-02-12,9619,100,20,0,1031.9,1336.8710853648627,1383.6942118854138,0.9661607775909116,6.006443580416742,8029.8407485345415,0.0553,Low
P016,2026-02-13,6949,1144,70,0,1336.9,1336.8783140466485,1380.3216624749596,0.9685266418005191,6.003145571340533,8025.475130390336,0.0373,Low
P016,2026-02-14,3182,986,251,0,1062.2,1268.2085716563768,1357.465020889809,0.9342476916882896,6.132086886043457,7776.765151021972,0.0077,Low
P016,2026-02-15,6058,519,129,0,994.3000000000001,1199.7313061778314,1331.4470862006226,0.901073207941456,5.0682999669547115,6080.598139455636,0.0052,Low
P016,2026-02-16,7859,627,276,0,1375.4,1243.6485385875183,1334.5875628659712,0.9318598223695691,5.159230776567493,6416.26981551391,0.0052,Low
P016,2026-02-17,3411,558,114,0,734.1,1116.2612756878998,1291.7885400375071,0.8641207383789624,4.255381891220334,4750.118018432798,0.0,Low
P016,2026-02-18,7309,653,306,0,1363.4,1178.0460034192974,1296.8808056784146,0.9083687484443563,4.899628290596033,5771.987525976781,0.0052,Low
P016,2026-02-19,4904,828,282,0,1186.4,1180.134503747236,1289.041363365293,0.9155132861765839,4.975703984805249,5871.9999529012875,0.0052,Low
P016,2026-02-20,10478,670,259,0,1641.8,1295.550926832542,1314.022473997165,0.9859427388879727,4.355175338128603,5642.351445830742,0.0353,Low
P016,2026-02-21,4987,100,311,0,859.7,1186.588160413671,1281.9084146520229,0.925641908263278,3.692947100562725,4382.007306561723,0.0,Low
P016,2026-02-22,7685,1168,89,0,1441.5,1250.3161355359466,1293.1698718529867,0.9668614720166272,3.833751765624577,4793.401692199834,0.0057,Low
P016,2026-02-23,8473,1375,268,0,1802.8000000000002,1388.4371264015442,1329.0741284408261,1.0446649184148287,3.5457816902764074,4923.094940894585,0.0047,Low
P016,2026-02-24,8108,817,69,0,1288.3000000000002,1363.402841436781,1326.2057885443173,1.0280477154701724,4.434635358781362,6046.194448898528,0.0439,Low
P016,2026-02-25,9726,631,277,0,1565.1,1413.8271361600064,1342.988107589978,1.0527473159607328,4.472063081527015,6322.7241392822325,0.0715,Low
P016,2026-02-26,5349,461,370,0,1135.4,1344.2203468580924,1328.4237501395792,1.0118912256709813,4.169926355063596,5605.299851376288,0.0071,Low
P016,2026-02-27,7172,1251,218,0,1560.7,1398.340263211958,1344.700784035667,1.0398895199692046,4.4653127866815545,6244.0266574520065,0.0093,Low
P016,2026-02-28,4930,1082,167,0,1201.0,1349.0051953111388,1334.641953075155,1.0107618617077567,5.720004855765785,7716.316267632985,0.0341,Low
P016,2026-03-01,8741,822,72,0,1357.1,1351.028896547893,1336.2123592535777,1.0110884524310997,5.696263628685283,7695.816764708575,0.0703,Low
P016,2026-03-02,7940,1473,276,0,1806.5,1464.8966751344858,1369.0662305258154,1.069996930588154,6.150212672635926,9009.426095514349,0.0116,Low
P016,2026-03-03,7607,1137,247,0,1576.2,1492.722506850032,1383.523490461603,1.0789281904875454,6.291638718578675,9391.670720191481,0.0248,Low
P016,2026-03-04,8007,487,250,0,1294.2,1443.091879469781,1377.294180735174,1.0477731549128841,6.041743547520416,8718.791051265658,0.1568,Low
P016,2026-03-05,9246,564,369,0,1575.6,1476.21890993661,1391.1130978366157,1.0611782044325255,7.1057880390918,10489.698673308698,0.1506,Low
P016,2026-03-06,7556,548,326,0,1355.6,1446.064182224246,1388.640150840964,1.0413527010111143,6.91254810284443,9995.988219425493,0.1555,Low
P016,2026-03-07,7263,1042,197,0,1444.3000000000002,1445.6231366656812,1392.5134203079479,1.0381394571871299,8.101941344671985,11712.353859766083,0.0975,Low
P016,2026-03-08,7603,963,255,0,1496.8000000000002,1458.417352553726,1399.7660209140506,1.041900803666007,8.627926615025391,12583.117891913162,0.0652,Low
P016,2026-03-09,4700,478,319,0,1028.0,1350.81301407174,1373.9265582855535,0.9831770090575834,6.981141402146575,9430.216659094629,0.0704,Low
P016,2026-03-10,7495,657,90,0,1168.0,1305.1097604443655,1359.62141963362,0.9599067299167653,6.812658287753847,8891.266825919745,0.0384,Low
P016,2026-03-11,6073,208,216,0,927.3000000000001,1210.6573201636447,1329.6043255579318,0.9105395400622139,4.8927548404668,5923.449463377237,0.0052,Low
P016,2026-03-12,6795,525,219,0,1161.0,1198.242990106012,1317.9031927767744,0.9092040960074741,5.60925492655804,6721.250395465785,0.0398,Low
P016,2026-03-13,8239,1443,75,0,1620.4,1303.7822426861258,1338.8873415707178,0.9737803864952429,5.033119766467187,6562.092176832458,0.0057,Low
P016,2026-03-14,9432,1106,148,0,1644.2,1388.8866820790743,1360.0582660094271,1.0211964491361598,4.768176708484368,6622.457128213575,0.0278,Low
P016,2026-03-15,7998,677,245,0,1383.3000000000002,1387.4900115585122,1361.6692831371965,1.018962547331758,4.938131920532107,6851.608715496551,0.1667,Low
P016,2026-03-16,9957,996,277,0,1770.7,1483.2925087097133,1390.0116097013538,1.067107992254339,4.778760841215852,7088.300156690801,0.0278,Low
P016,2026-03-17,7048,369,205,0,1094.3000000000002,1386.0443815012009,1369.5280030600522,1.0120598982157691,4.331811464919966,6004.082942674805,0.0583,Low
P016,2026-03-18,9503,356,121,0,1249.3000000000002,1351.8582861177053,1361.202471630106,0.9931353375868002,5.127750141629741,6931.991518103402,0.1389,Low
P016,2026-03-19,7882,519,147,0,1194.7,1312.5687145812149,1349.6757868977952,0.9725066698225824,5.079105112521838,6666.674468765666,0.0789,Low
P016,2026-03-20,7058,405,129,0,1037.3000000000002,1243.7515359266315,1328.056220533028,0.9365202371193576,4.485841528421528,5579.272290897743,0.0,Low
P016,2026-03-21,8748,422,66,0,1151.8000000000002,1220.763651942649,1315.8604891176528,0.9277302972170904,4.925154541228379,6012.449644131877,0.0052,Low
P016,2026-03-22,6748,1034,207,0,1398.8000000000002,1265.2727389603629,1321.5980327218704,0.9573809116382286,5.078913603999598,6426.210926675619,0.0052,Low
P016,2026-03-23,6996,828,52,0,1165.6,1240.3545542188544,1310.8087736708171,0.9462513294619058,10.645222167020188,13203.849795534994,0.0052,Low
P016,2026-03-24,8435,930,185,0,1493.5,1303.640915666841,1323.4417163189148,0.9850383962827371,8.357047626181565,10894.589219666736,0.0184,Low
P016,2026-03-25,9202,476,339,0,1497.2,1352.0306867516792,1335.4547476316693,1.012412198185887,7.359342437767404,9950.056810175442,0.0631,Low
P016,2026-03-26,7925,714,224,0,1373.5,1357.3980150638884,1338.0846118756178,1.014433611202555,7.425740963501913,10079.686044236103,0.0706,Low
P016,2026-03-27,7532,1181,119,0,1462.7,1383.7235112983901,1346.6972348583183,1.027494128009423,9.402595130521025,13010.591949321697,0.0376,Low
P016,2026-03-28,6549,1125,167,0,1384.4,1383.8926334737948,1349.302624252347,1.0256354640859457,12.143190154872839,16804.87140220003,0.0164,Low
P016,2026-03-29,9044,1324,186,0,1752.4,1476.0194751062788,1377.1541845246927,1.0717895504909007,8.367386569380498,12350.42553214833,0.0381,Low
P016,2026-03-30,8715,468,302,0,1407.5,1458.889606329579,1379.2506254520774,1.0577407534428276,11.261215527835692,16428.870288196755,0.0797,Low
P016,2026-03-31,7992,956,162,0,1439.2,1453.9672047471563,1383.3917336895424,1.0510162514555619,11.155027179857539,16219.04368757602,0.072,Low
P017,2026-01-01,7137,100,156,0,919.7,0.0,0.0,0.0,0.0,0.0,0.0,Low
P017,2026-01-02,7794,733,383,0,1528.9,0.0,0.0,0.0,0.0,0.0,0.0091,Low
P017,2026-01-03,7920,480,190,0,1222.0,1248.002702702703,0.0,0.0,4.0971464299763305,5113.249817979191,0.0,Low
P017,2026-01-04,6311,201,94,0,825.6,1093.5240000000001,0.0,0.0,3.4333432761237637,3754.443272679963,0.0,Low
P017,2026-01-05,5541,100,192,0,796.1,996.0329065300897,0.0,0.0,3.1883459959070954,3175.697529326918,0.0,Low
P017,2026-01-06,6009,174,228,0,915.9,971.6622215622216,0.0,0.0,3.404394075467106,3307.9211104416336,0.0,Low
P017,2026-01-07,7456,744,155,0,1272.6,1058.486278791294,0.0,0.0,3.8403023385806865,4064.9073317977745,0.0091,Low
P017,2026-01-08,7269,880,218,0,1384.9,1149.1681339550657,0.0,0.0,3.9701450700509335,4562.364201681335,0.0,Low
P017,2026-01-09,5145,759,307,0,1201.0,1163.1780290438464,0.0,0.0,4.910730324947709,5712.053620538523,0.0052,Low
P017,2026-01-10,5487,1305,135,0,1336.2,1209.0147485616867,0.0,0.0,4.814636082867817,5820.9660331444575,0.0085,Low
P017,2026-01-11,6431,474,210,0,1090.1,1177.9750975378859,0.0,0.0,5.35155872248811,6304.002908102655,0.0052,Low
P017,2026-01-12,3769,512,78,0,710.9000000000001,1057.3865168205273,0.0,0.0,4.341290601202354,4590.42214731105,0.0,Low
P017,2026-01-13,6585,974,252,0,1397.5,1144.4840875997284,0.0,0.0,4.7501187594565355,5436.435334406967,0.0,Low
P017,2026-01-14,2825,1288,217,0,1143.5,1144.2336025705683,1130.7506795297766,1.0119238601096043,4.781520498475911,5471.176425736111,0.0,Low
P017,2026-01-15,5217,723,205,0,1088.2,1130.035465679161,1126.2884481405963,1.0033268631241687,5.072208281215272,5731.775247084797,0.0052,Low
P017,2026-01-16,5382,735,127,0,1032.7,1105.4552416098927,1116.814114041274,0.9898292095462776,4.935926054515978,5456.445329163525,0.0052,Low
P017,2026-01-17,5776,470,44,0,856.6,1042.770231318762,1091.2950568189513,0.9555346331385555,4.783512888371187,4988.104841123102,0.0,Low
P017,2026-01-18,6601,851,239,0,1324.6,1113.6271442235777,1113.5280776993761,1.0000889573647005,4.590508178180239,5112.1145130018385,0.0,Low
P017,2026-01-19,7612,773,134,0,1281.7,1155.8237774571407,1129.1430352684583,1.0236291870197358,6.149051887386351,7107.220380258853,0.0265,Low
P017,2026-01-20,7642,268,98,0,996.2,1115.7908802914135,1117.087084714422,0.9988396478402252,6.833650974696788,7624.925436661205,0.0376,Low
P017,2026-01-21,4936,1000,282,0,1275.6,1155.838409620911,1131.1562654946845,1.0218202689238784,6.573151462495461,7597.500932608119,0.0258,Low
P017,2026-01-22,7113,997,100,0,1309.8000000000002,1194.3975893394152,1146.7044766869867,1.041591450287442,6.346163901965631,7579.842866060566,0.0392,Low
P017,2026-01-23,6905,638,272,0,1281.5,1216.2023636316733,1158.2281463995075,1.0500542202430871,6.575036483966038,7996.574912763982,0.0436,Low
P017,2026-01-24,6209,560,242,0,1142.9,1197.8583665170547,1156.9390448558352,1.0353685974118303,10.065811098025687,12057.416039550291,0.0391,Low
P017,2026-01-25,7696,475,182,0,1189.1,1195.6671258839874,1159.603465089032,1.0310999850980842,10.683010656108745,12773.324646977555,0.0473,Low
P017,2026-01-26,4794,100,208,0,737.4000000000001,1081.0356455350131,1125.1042962609072,0.9608314887067239,5.273828061765685,5701.196123191535,0.0052,Low
P017,2026-01-27,7295,754,20,0,1126.5,1092.4065475188293,1125.216906856779,0.9708408495762726,5.56801591977638,6082.5370474527945,0.0201,Low
P017,2026-01-28,5856,100,325,0,960.6,1059.4444458551015,1112.0888369793547,0.9526616949111167,5.319159149130196,5635.353617165334,0.0052,Low
P017,2026-01-29,4753,1052,282,0,1283.3,1115.4216630959352,1125.597124289017,0.9909599350574847,5.723637672509687,6384.269451629303,0.0203,Low
P017,2026-01-30,5031,336,223,0,894.1,1060.081364535764,1107.5120083099218,0.9571736893234462,5.558381639732568,5892.336793258238,0.0052,Low
P017,2026-01-31,5116,706,139,0,1003.6,1045.959131918459,1099.4678105222235,0.9513321921706185,5.6129949225360605,5870.963296638536,0.0143,Low
P017,2026-02-01,3710,100,210,0,631.0,942.208926979089,1063.5058605783306,0.8859461457102434,4.247194319109618,4001.744402079956,0.0,Low
P017,2026-02-02,5540,510,257,0,1066.0,973.1590269937838,1063.6958415287286,0.914884668954169,4.77336772451813,4645.245890275595,0.0,Low
P017,2026-02-03,8142,594,154,0,1265.2,1046.1733958849757,1078.9348000150055,0.9696354090850269,4.6604283147685415,4875.616116339899,0.0093,Low
P017,2026-02-04,7132,269,210,0,1057.7,1049.0551690385723,1077.339521864585,0.973746101401236,4.692313640026935,4922.495878820455,0.0,Low
P017,2026-02-05,7210,880,20,0,1181.0,1082.042425238469,1085.079403947623,0.9972011369213013,5.23048092777215,5659.602268250134,0.0108,Low
P017,2026-02-06,5240,412,198,0,928.0,1043.530900897624,1073.4174357575123,0.9721575748763824,5.116051620751876,5338.757956841954,0.0052,Low
P017,2026-02-07,7103,1125,138,0,1410.8000000000002,1135.34981724611,1098.3340771753321,1.0337017037921257,4.5157734338329565,5126.982542827086,0.0,Low
P017,2026-02-08,5636,1021,217,0,1291.1,1174.2878850465756,1112.5011389075246,1.0555385818699834,7.106864557220157,8345.504950210527,0.0189,Low
P017,2026-02-09,8284,762,72,0,1281.4,1201.0661830831664,1124.858170669118,1.067748987137842,7.397326785955503,8884.679047826443,0.0124,Low
P017,2026-02-10,4382,210,254,0,797.2,1100.0988757726313,1100.9861263666685,0.9991941219196773,5.030732996180315,5534.303713410245,0.0052,Low
P017,2026-02-11,8165,1231,272,0,1704.0,1251.075010875676,1144.7493533486165,1.0928811589080392,4.152517456167521,5195.110821636216,0.0,Low
P017,2026-02-12,8126,502,72,0,1135.6,1222.206135677036,1144.0877342387985,1.0682800701533712,4.034527175096672,4931.023867958892,0.0071,Low
P017,2026-02-13,7657,801,198,0,1364.2,1257.7047147130627,1159.9516512109337,1.0842733854961504,4.552389753956695,5725.562056762775,0.0,Low
P017,2026-02-14,6963,773,316,0,1398.8000000000002,1292.9786202150838,1177.112604850507,1.09843238777905,4.695123448632393,6070.694238352197,0.0,Low
P017,2026-02-15,8325,839,272,0,1524.0,1350.7340685352542,1201.9643749064123,1.1237721229489055,4.651829139767571,6283.384100089103,0.0047,Low
P017,2026-02-16,7153,537,263,0,1246.8000000000002,1324.7505165213263,1205.167922116625,1.0992248310114587,4.547297522008027,6024.034741056282,0.0071,Low
P017,2026-02-17,4290,992,68,0,993.0,1241.8128038897987,1190.0459107650527,1.0434999038452788,5.207145356113743,6466.299774937351,0.0108,Low
P017,2026-02-18,6811,422,243,0,1135.1,1215.1345827727432,1186.1387264450598,1.0244455774326922,6.617862614641056,8041.593727089195,0.0495,Low
P017,2026-02-19,6331,197,230,0,961.6,1151.750901184006,1170.2060186573233,0.9842291639067247,5.425299416555938,6248.593492211363,0.0108,Low
P017,2026-02-20,5515,940,188,0,1209.5,1166.188182020113,1172.988678507845,0.9942024108549734,5.713162616594871,6662.622725432044,0.0228,Low
P017,2026-02-21,6975,388,129,0,1020.5,1129.7661249126224,1162.2099238757469,0.9720843816444328,5.774242372745739,6523.54342976322,0.0052,Low
P017,2026-02-22,5694,933,355,0,1390.9,1195.0496092817978,1178.3472628146578,1.014174375290269,7.638681696472727,9128.603576797752,0.0126,Low
P017,2026-02-23,5174,999,20,0,1036.9,1155.5121998767302,1168.38207720797,0.9889848642219478,7.607428778482186,8790.476763229497,0.0126,Low
P017,2026-02-24,4591,388,52,0,705.1,1042.9091347747335,1135.7915469818843,0.9182222991215349,4.8714972239359104,5080.528954872517,0.0152,Low
P017,2026-02-25,4007,800,166,0,966.7,1023.8568491607116,1123.912865317382,0.9109752825561184,4.77453149161648,4888.436769225042,0.0,Low
P017,2026-02-26,6951,883,214,0,1350.6,1105.5426430455564,1139.817208284107,0.9699297618172956,4.621333300113058,5109.081031001433,0.0057,Low
P017,2026-02-27,7369,655,69,0,1133.4,1112.5069826790182,1139.3675147970569,0.9764250414958746,4.734846194064917,5267.549452808394,0.0093,Low
P017,2026-02-28,7969,499,94,0,1140.4,1119.480237305781,1139.439787152391,0.9824830062136748,4.789579918650478,5361.840063925841,0.0,Low
P017,2026-03-01,6115,402,146,0,958.5,1079.235176695858,1126.7873530107443,0.9577984383958406,5.402486509434575,5830.553482606612,0.0052,Low
P017,2026-03-02,6898,780,98,0,1177.8000000000002,1103.8763831112785,1130.3510506124526,0.9765783583315882,5.35337185850245,5909.460764613387,0.0166,Low
P017,2026-03-03,5651,998,237,0,1301.1,1153.1822882179576,1142.2687690575178,1.0095542392128098,7.7045287827260385,8884.72613130513,0.0126,Low
P017,2026-03-04,9495,1030,302,0,1766.5,1306.5117182264012,1185.801882893036,1.1017959458968867,5.095760629153713,6657.670975266065,0.0037,Low
P017,2026-03-05,4300,905,182,0,1064.5,1246.0087880592846,1177.34897581163,1.0583172900092341,4.746812892593994,5914.570579445229,0.0,Low
P017,2026-03-06,5556,726,282,0,1200.6,1234.6565909585497,1178.9680559233393,1.047234973231948,4.748636464477979,5862.935308933842,0.0071,Low
P017,2026-03-07,7133,412,262,0,1181.3000000000002,1221.3174431431992,1179.1303317456297,1.0357781492884952,4.731805236652079,5779.036273079518,0.0071,Low
P017,2026-03-08,5426,741,157,0,1070.1,1183.5130821964656,1171.547827338668,1.0102131935858278,4.9106706892644985,5811.8430031032685,0.0123,Low
P017,2026-03-09,6054,906,84,0,1142.4,1173.234811614533,1169.5219181569532,1.0031747018744925,4.824569425415469,5660.352800948554,0.0,Low
P017,2026-03-10,9300,129,128,0,1122.5,1160.551108680528,1166.2554377936856,0.9951088424719052,4.720225158926117,5478.062541413426,0.0,Low
P017,2026-03-11,6937,851,178,0,1297.2,1194.7133315717488,1175.3472270595928,1.0164769132912626,14.706031103964483,17569.49141441517,0.0074,Low
P017,2026-03-12,6296,799,165,0,1194.1,1194.5599986786049,1176.6486686772055,1.0152223176942972,16.67944820819816,19924.601629545054,0.0074,Low
P017,2026-03-13,8472,928,275,0,1586.2,1292.4699991078633,1205.0591704412561,1.0725365360351846,7.465909819774507,9649.464458103344,0.0037,Low
P017,2026-03-14,4933,652,158,0,977.3,1213.6774992711998,1189.2659432215212,1.0205265659742062,6.140297485082217,7452.340896475823,0.1358,Low
P017,2026-03-15,4874,784,134,0,1013.4000000000001,1163.6081244249485,1177.0756717539916,0.9885584609912468,5.680841049875171,6610.2727992015025,0.0133,Low
P017,2026-03-16,7365,355,360,0,1274.0,1191.206093330473,1183.7916978368967,1.0062632517566157,5.790334355828196,6897.481567083327,0.0491,Low
P017,2026-03-17,5038,742,267,0,1141.8,1178.8545699939068,1180.8829807203788,0.9982822847458963,5.764780192207987,6795.8374745947385,0.0512,Low
P017,2026-03-18,5526,931,65,0,1083.1,1154.9159274896915,1174.1117189628767,0.9836507880811809,5.616378527758672,6486.445016519595,0.0166,Low
P017,2026-03-19,8560,680,128,0,1324.0,1197.1869456248687,1184.488231357366,1.0107208360742785,5.628291061472452,6738.116584971955,0.0368,Low
P017,2026-03-20,5933,918,129,0,1181.3000000000002,1193.215209218116,1184.2675734757122,1.0075554088174425,9.278597643862184,11071.363828871734,0.0224,Low
P017,2026-03-21,5258,609,70,0,900.3000000000001,1119.986406906181,1164.6189491814189,0.9616762616447452,7.617859678569859,8531.899289716932,0.033,Low
P017,2026-03-22,9113,506,271,0,1435.3000000000002,1198.8148051856151,1183.343973182466,1.0130738164244872,6.865837817058253,8230.86802509272,0.0495,Low
P017,2026-03-23,6696,380,187,0,1046.6,1160.7611038870466,1173.8863785923704,0.9888189480405658,6.528413353061652,7577.9282903307785,0.0561,Low
P017,2026-03-24,7558,619,307,0,1372.3000000000002,1213.6458279175413,1187.606511464693,1.021925870212243,6.235031644829549,7567.120142681228,0.0783,Low
P017,2026-03-25,7914,951,142,0,1408.9,1262.459370939718,1202.9059582062512,1.0495079451823417,6.216476456396601,7848.04895660402,0.0272,Low
P017,2026-03-26,4762,492,207,0,929.2,1179.144528202789,1183.986133312633,0.9959107501914695,5.158875737334198,6083.060097355748,0.0179,Low
P017,2026-03-27,7201,100,187,0,957.1,1123.6333961510925,1168.3052069388052,0.9617635698788012,4.607433252712522,5177.065873284846,0.0,Low
P017,2026-03-28,6619,592,317,0,1274.9,1161.45004711383,1175.6712699386057,0.9879037337498637,5.282203289763421,6135.015259760553,0.0108,Low
P017,2026-03-29,7015,1069,166,0,1402.0,1221.5875353359813,1191.309199247812,1.0254160094231848,5.699879496546962,6962.901745898897,0.0171,Low
P017,2026-03-30,7788,1166,319,0,1680.8000000000002,1336.390651502858,1225.125675496747,1.0908192255890847,5.007146534087543,6691.503818859528,0.0037,Low
P017,2026-03-31,4744,600,153,0,927.4000000000001,1234.1429886265612,1204.55975205548,1.0245593680803349,4.179248880156947,5157.790703171103,0.0262,Low
P018,2026-01-01,10153,714,275,0,1647.3000000000002,0.0,0.0,0.0,0.0,0.0,0.0091,Low
P018,2026-01-02,6094,1399,217,0,1525.9,0.0,0.0,0.0,0.0,0.0,0.0085,Low
P018,2026-01-03,9208,873,383,0,1740.3000000000002,1648.1432432432434,0.0,0.0,15.329704388231761,25265.548708380476,0.011,Low
P018,2026-01-04,4868,961,258,0,1225.3,1493.5034285714287,0.0,0.0,6.662383750262669,9950.292973475869,0.0125,Low
P018,2026-01-05,8443,1484,180,0,1766.3000000000002,1582.9220230473752,0.0,0.0,7.193859389858606,11387.31845891334,0.0085,Low
P018,2026-01-06,10281,1073,394,0,1958.6000000000001,1697.1763290763292,0.0,0.0,6.78900577720576,11522.139903036063,0.0396,Low
P018,2026-01-07,8123,746,378,0,1563.3000000000002,1658.5514474889062,0.0,0.0,7.2037484229003255,11947.78737414726,0.0589,Low
P018,2026-01-08,9762,503,214,0,1441.7,1598.3073760067825,0.0,0.0,6.63503712645705,10604.82877929515,0.0353,Low
P018,2026-01-09,9703,1217,200,0,1778.8000000000002,1647.0936327904283,0.0,0.0,6.687546641065536,11015.01549148806,0.0554,Low
P018,2026-01-10,4752,1123,146,0,1182.7,1524.067172194392,0.0,0.0,5.188492391871054,7907.610927631034,0.0284,Low
P018,2026-01-11,6098,116,350,0,1017.8000000000001,1391.9190867820203,0.0,0.0,4.09473888082561,5699.545203609615,0.0157,Low
P018,2026-01-12,9317,898,407,0,1787.7,1494.1010674775441,0.0,0.0,4.3623930595517555,6517.856127032907,0.0099,Low
P018,2026-01-13,10080,1451,129,0,1862.5,1588.4420850708548,0.0,0.0,4.9023320404951045,7787.070528113702,0.026,Low
P018,2026-01-14,9072,481,245,0,1392.7,1538.6188153738144,1553.510137473705,0.9904143966332588,4.711667673769268,7249.4605346499675,0.221,Low
P018,2026-01-15,8751,1154,273,0,1725.1,1585.8705583553567,1571.5045309614559,1.0091415691265593,4.715769095656743,7478.599368804094,0.0396,Low
P018,2026-01-16,10059,1177,484,0,2078.4,1710.2495188078858,1622.819593049986,1.053875314048204,4.41247576575081,7546.434555126781,0.2447,Low
P018,2026-01-17,8651,684,293,0,1500.1,1657.3142273351068,1610.7845490290993,1.0288863386758893,4.729691449150624,7838.584929582528,0.1471,Low
P018,2026-01-18,7920,1411,240,0,1737.5,1677.4743273007991,1622.8600208510666,1.0336531157410362,7.3933053075138995,12402.079847251307,0.0397,Low
P018,2026-01-19,8275,825,340,0,1580.0,1653.0022707048695,1618.8804183238205,1.0210774321463498,7.1538862114795485,11825.39015193995,0.0807,Low
P018,2026-01-20,8887,774,435,0,1710.7,1667.4725914826627,1627.2070849622419,1.0247451579120328,7.588171641199153,12653.068231165602,0.7232,High
P018,2026-01-21,7840,977,334,0,1606.5,1652.1931027391538,1625.3691796960295,1.0165032739719526,8.868797569734605,14652.966174305284,0.052,Low
P018,2026-01-22,6677,1110,163,0,1385.7,1585.4507716359253,1604.5096346774565,0.988121683715175,7.1666954401348395,11362.442815641449,0.0442,Low
P018,2026-01-23,10358,677,338,0,1712.3,1617.2055620332176,1613.7246333483286,1.0021570710339196,12.52900666632513,20261.97926753226,0.0541,Low
P018,2026-01-24,10783,1224,293,0,1983.3,1708.8210977543442,1644.8060285305453,1.0389195186084004,9.382588078592713,16033.164460237624,0.0785,Low
P018,2026-01-25,8777,793,415,0,1689.2,1703.9121291035135,1648.4839104617554,1.0336237484356123,9.45502216361817,16110.526945531543,0.6106,Medium
P018,2026-01-26,8075,655,335,0,1470.0,1645.4010727431144,1633.899599651266,1.0070392715830951,8.509501265892064,14001.542511407692,0.1213,Low
P018,2026-01-27,7930,681,124,0,1257.5,1548.3847369898822,1603.530272683515,0.9656099131465441,6.444549385107682,9978.641904678265,0.3715,Medium
P018,2026-01-28,8399,941,293,0,1603.4,1562.1429206805458,1603.5198835386518,0.9741961586976042,6.502907615057974,10158.471094702425,0.083,Low
P018,2026-01-29,10551,1124,249,0,1866.1000000000001,1638.1502885832474,1624.23703534339,1.0085660176756501,6.766276245052243,11084.177383466304,0.0557,Low
P018,2026-01-30,8827,1119,396,0,1838.2,1688.1716493565955,1640.9523403085386,1.0287755455173202,6.709711513273567,11327.144752069977,0.0721,Low
P018,2026-01-31,9313,825,169,0,1512.8000000000002,1644.3228640616496,1631.0316122890813,1.0081489785917912,7.651061189117172,12580.814847600079,0.1422,Low
P018,2026-02-01,6956,1166,326,0,1604.6,1634.3911503815066,1629.002588529654,1.0033078841351857,7.717892584871836,12614.05534030958,0.0605,Low
P018,2026-02-02,9990,927,409,1,1871.5,1693.6728290274455,1647.4738449076656,1.0280423109490677,7.471789474332452,12654.766816890133,0.6722,High
P018,2026-02-03,8398,1253,264,0,1730.3000000000002,1702.8301391997204,1653.737657766942,1.0296857672106292,11.649617368301259,19837.319564887912,0.0166,Low
P018,2026-02-04,8211,1144,309,0,1702.1,1702.647596663936,1657.3709101551456,1.0273183727059432,12.35786347152937,21041.086539700525,0.0163,Low
P018,2026-02-05,9659,990,265,0,1725.9,1708.4608822661157,1662.4876825663648,1.0276532511520626,13.707372707605362,23418.510069585933,0.0163,Low
P018,2026-02-06,12706,1321,341,0,2272.1000000000004,1849.3740207632377,1707.746827148943,1.0829321890888342,7.509219779008099,13887.355975499038,0.0375,Low
P018,2026-02-07,9291,1268,320,0,1883.1,1857.8056663165376,1720.6971470305195,1.0796819525887007,8.481520094386525,15757.01609032886,0.0433,Low
P018,2026-02-08,9163,875,260,0,1613.8000000000002,1796.8034317718475,1712.8408908064664,1.049019457046973,8.260923260656615,14843.255264351685,0.2003,Low
P018,2026-02-09,4368,1029,219,0,1170.3,1640.1759986917662,1673.1473429856314,0.9802938131928249,5.003064183229543,8205.90579324752,0.0798,Low
P018,2026-02-10,11513,972,149,0,1786.3,1676.7072745537398,1681.3912553399937,0.9972142172480558,5.102955841177672,8556.1631806291,0.0908,Low
P018,2026-02-11,9049,652,316,0,1546.9,1644.2552723398728,1671.6306650917666,0.9836235340976912,4.8877199084099985,8036.6592291237,0.1975,Low
P018,2026-02-12,9560,1253,189,0,1771.5,1676.066589218293,1678.8525372768765,0.9983405582204927,4.971814022135551,8333.091370308417,0.0292,Low
P018,2026-02-13,9175,557,338,0,1534.0,1640.5498289005818,1668.412734585206,0.9832997465554896,6.946333324149097,11395.80594641921,0.1008,Low
P018,2026-02-14,9902,1115,269,0,1816.7,1684.5874767701732,1679.066988215277,1.0032878250604438,7.49799750254664,12631.032693644103,0.0452,Low
P018,2026-02-15,9746,1447,240,0,1938.1,1747.965721015567,1697.6246785083713,1.029653805607309,6.784265839688419,11858.664130032248,0.0284,Low
P018,2026-02-16,9332,640,182,0,1435.2,1669.774185797978,1678.8741905878462,0.99457969228029,9.072116399456444,15148.385774366867,0.1164,Low
P018,2026-02-17,9271,1297,243,0,1818.6,1706.9806768077574,1688.8329782073845,1.010745697607219,9.115819388173346,15560.527548881415,0.0184,Low
P018,2026-02-18,8770,844,215,0,1514.0,1658.7354711760784,1676.4006668386553,0.9894624203469723,8.642427291768346,14335.500705916365,0.0769,Low
P018,2026-02-19,9566,517,396,0,1611.1,1646.8265966378053,1671.7670944497995,0.9850813502995668,8.66267666148174,14265.926324201719,0.0676,Low
P018,2026-02-20,8126,1183,141,0,1545.1,1621.3949366764791,1662.7969818253282,0.9751009561886445,8.585364645294554,13920.266765401846,0.0956,Low
P018,2026-02-21,10127,1168,307,0,1903.7,1691.9712249898546,1679.8253576263755,1.0072304285895155,8.351116792188382,14129.84930891232,0.048,Low
P018,2026-02-22,7632,1041,150,0,1433.7,1627.403403316044,1662.4577114880296,0.978914159609058,8.80795450727981,14334.095141400052,0.0927,Low
P018,2026-02-23,8745,1275,348,0,1860.0,1685.5525629066478,1676.3748812587241,1.005474713141899,8.966243802222387,15113.07522048179,0.0143,Low
P018,2026-02-24,9147,674,333,0,1584.7,1660.3394187915717,1669.9258232536288,0.9942593771105516,9.350918987269747,15525.699396490523,0.0756,Low
P018,2026-02-25,9153,270,347,0,1397.3000000000002,1594.5795574655392,1650.773858381608,0.9659588075675315,8.156421837619835,13006.063524334097,0.0553,Low
P018,2026-02-26,9087,1327,159,0,1731.2,1628.7346706811038,1656.416547110195,0.9832880887900654,8.14880399098239,13272.239584697569,0.0679,Low
P018,2026-02-27,4359,1050,298,0,1258.9,1536.2759977687804,1628.560103261732,0.9433339213324328,6.252394037710821,9605.402888727765,0.0336,Low
P018,2026-02-28,6588,672,544,0,1538.8000000000002,1536.9069983534168,1622.2770359022402,0.9473764066597242,7.50603213962483,11536.073325255073,0.3714,Medium
P018,2026-03-01,8665,1185,203,0,1662.0,1568.1802497624155,1625.0547123606227,0.9650015031397904,7.7433591991911275,12142.98296298764,0.0424,Low
P018,2026-03-02,5988,915,242,0,1298.3000000000002,1500.7101857080172,1602.2279222700845,0.9366396350248158,8.26912060305235,12409.553515848684,0.0093,Low
P018,2026-03-03,8524,932,295,0,1613.4,1528.8826397863988,1603.0076967712403,0.9537587581945297,8.303304677343741,12694.778374048052,0.0052,Low
P018,2026-03-04,8899,587,317,0,1500.4,1521.7619797439959,1595.8519629301145,0.9535733924932378,8.521140730001774,12967.147986964697,0.0167,Low
P018,2026-03-05,6200,351,342,0,1137.5,1425.6964838386298,1563.9117616667525,0.9116220682444135,7.182107562725769,10239.50549872896,0.0633,Low
P018,2026-03-06,9884,949,129,0,1591.9,1467.2473631934301,1565.8607166753584,0.937022902610691,7.704745929662355,11304.768149372405,0.0277,Low
P018,2026-03-07,8062,887,109,0,1358.7,1440.1105222410436,1551.4447724933232,0.9282383353190601,7.464904351473151,10750.287304079438,0.0466,Low
P018,2026-03-08,8015,1162,411,0,1793.5,1528.4578920568783,1568.2784810578307,0.9746087195431133,6.911660724296944,10564.182381271223,0.3548,Medium
P018,2026-03-09,8495,1193,77,0,1523.0,1527.0934190383023,1565.1314166319523,0.9756966048049364,7.345812219138101,11217.741497336941,0.0553,Low
P018,2026-03-10,10113,725,299,0,1672.8000000000002,1563.520064365953,1572.6108502045824,0.994219297304454,7.296772199029503,11408.649738290305,0.0713,Low
P018,2026-03-11,8752,1362,181,0,1737.2,1606.9400483524437,1584.038662403741,1.0144575863883112,6.974910826970212,11208.263541545495,0.0458,Low
P018,2026-03-12,10065,882,253,0,1700.5,1630.3300362958378,1592.121074112786,1.0239987728096347,11.01756564683654,17962.26820089879,0.0681,Low
P018,2026-03-13,8848,712,267,0,1507.8000000000002,1599.6975271909332,1586.2717364556709,1.0084637331310102,10.359407245329034,16571.918153516694,0.115,Low
P018,2026-03-14,9030,1038,277,0,1699.0,1624.5231454120092,1594.0885153664499,1.019092176852953,15.147238813423577,24607.040041489738,0.0125,Low
P018,2026-03-15,10321,1243,163,0,1816.6000000000001,1672.5423590862936,1609.5120553232985,1.0391611191496937,14.905335642974354,24929.80523927334,0.0593,Low
P018,2026-03-16,10427,610,327,0,1674.7,1673.0817693149502,1614.0290217512575,1.0365871594636802,17.953145690613216,30037.080756820233,0.0633,Low
P018,2026-03-17,10053,393,278,0,1479.8000000000002,1624.7613269707679,1604.7311301866473,1.012481958056719,13.303506627807614,21615.023081961106,0.058,Low
P018,2026-03-18,8421,738,403,1,1614.1,1622.095995227437,1605.3799043333422,1.0104125389540808,13.764853626847996,22327.913943001997,0.0805,Low
P018,2026-03-19,8143,724,276,0,1452.3000000000002,1579.6469964129458,1594.7824412516968,0.9905093921576127,11.830029156156478,18687.270024000154,0.0744,Low
P018,2026-03-20,10152,924,385,0,1862.2,1650.2852473192347,1613.290443155041,1.0229312670212884,10.623120492722268,17531.1790296342,0.0652,Low
P018,2026-03-21,9920,313,215,0,1363.5,1578.588935482175,1596.0066437768764,0.9890866881704514,8.37693725327557,13223.740461249256,0.0968,Low
P018,2026-03-22,8281,1110,20,0,1403.1,1534.7167016083035,1582.6618546837365,0.9697059971271793,8.670970960328555,13307.483951976825,0.0606,Low
P018,2026-03-23,12947,1125,283,0,2140.2,1686.0875262148388,1621.2227478931136,1.040009781509619,5.9010826556104385,9949.741856787496,0.1079,Low
P018,2026-03-24,10896,1669,355,0,2279.1000000000004,1834.3406446674546,1666.714399366181,1.1005728602088576,4.9649821692408125,9107.46859308761,0.0394,Low
P018,2026-03-25,10547,1005,254,0,1811.2,1828.5554835004057,1676.7036212201554,1.090565708484657,4.987972624934318,9120.784694873559,0.0643,Low
P018,2026-03-26,8410,718,200,0,1400.0,1721.416612622733,1657.5765839600806,1.0385140686079148,4.5986359988378815,7916.168403804465,0.1695,Low
P018,2026-03-27,7098,943,100,0,1281.3000000000002,1611.3874594650692,1631.5707398693658,0.9876295340512126,3.944760845062664,6356.538156322806,0.0308,Low
P018,2026-03-28,9410,955,283,0,1701.5,1633.9155945991063,1636.4030897511839,0.9984798946222628,4.23519683811297,6919.954159989608,0.036,Low
P018,2026-03-29,8341,1889,404,0,2182.6,1771.0866959507184,1674.1419515786722,1.0579071169571723,4.510583147544192,7988.633803595036,0.0125,Low
P018,2026-03-30,7257,1036,208,0,1451.7,1691.2400219624324,1658.7745474093444,1.01957195714636,4.363261826695247,7379.323027607912,0.0513,Low
P018,2026-03-31,7602,564,312,0,1354.2,1606.9800164713442,1637.7355261232963,0.9812207044583316,5.006083423292664,8044.676022019769,0.1985,Low
P019,2026-01-01,9083,1106,362,0,1823.3000000000002,0.0,0.0,0.0,0.0,0.0,0.0,Low
P019,2026-01-02,6353,951,288,0,1398.8000000000002,0.0,0.0,0.0,0.0,0.0,0.0,Low
P019,2026-01-03,6920,576,385,0,1365.0,1487.4405405405407,0.0,0.0,5.823915045564911,8662.72734343726,0.0824,Low
P019,2026-01-04,7972,999,142,0,1438.7,1469.6154285714285,0.0,0.0,6.88762963045445,10122.166771201586,0.0125,Low
P019,2026-01-05,5802,637,212,0,1110.7,1351.9683738796416,0.0,0.0,5.283837359176155,7143.581002329885,0.0826,Low
P019,2026-01-06,6035,805,56,0,1062.0,1263.780784080784,0.0,0.0,4.626543408652496,5846.936656570634,0.0,Low
P019,2026-01-07,5951,1009,285,0,1384.6,1298.638536310488,0.0,0.0,5.205937060798184,6760.630484759477,0.0052,Low
P019,2026-01-08,7043,503,122,0,1077.8000000000002,1237.2868011869434,0.0,0.0,7.299311924846035,9031.342302358462,0.0125,Low
P019,2026-01-09,7071,1001,317,0,1524.6,1314.9461270059926,0.0,0.0,6.863172669451611,9024.702320668775,0.0125,Low
P019,2026-01-10,6886,462,251,0,1170.6,1276.706168805904,0.0,0.0,6.670653706487364,8516.464737040387,0.0249,Low
P019,2026-01-11,6396,653,357,0,1323.1,1288.8160908075038,0.0,0.0,7.2763281603568695,9377.848815063697,0.03,Low
P019,2026-01-12,8872,855,97,0,1411.7,1320.5420301278332,0.0,0.0,7.414066492125703,9790.586417014418,0.0052,Low
P019,2026-01-13,7948,1127,187,0,1545.3000000000002,1378.0989167473524,0.0,0.0,7.942998809847007,10946.23805557567,0.0052,Low
P019,2026-01-14,9658,1196,391,0,1954.8000000000002,1524.8896980710067,1417.5105010263323,1.0757519511914784,5.278397646248176,8048.974193086094,0.0283,Low
P019,2026-01-15,8089,984,366,0,1666.9,1560.8731368341782,1443.6636356589654,1.0811889192663795,6.173055325411101,9635.356229625355,0.0634,Low
P019,2026-01-16,8302,658,180,0,1339.2,1504.8937943046833,1433.088362693908,1.0501053689213848,5.763339696816292,8673.214144208672,0.2503,Low
P019,2026-01-17,7989,421,210,0,1219.4,1432.9797718462082,1412.1320607061327,1.0147632799881463,5.692509659262813,8157.251192762762,0.3088,Low
P019,2026-01-18,9276,151,378,0,1381.1,1419.936293535064,1409.1748303781553,1.0076367054311166,5.771037898750476,8194.506163802134,0.2221,Low
P019,2026-01-19,9315,670,279,0,1545.5,1451.460513461426,1421.8327801126998,1.020837698746825,5.97352720252794,8670.338860557,0.2381,Low
P019,2026-01-20,7636,1177,323,0,1675.1,1507.5482511996127,1444.8003396674646,1.0434301538939896,6.0318131376708966,9093.249347258608,0.0601,Low
P019,2026-01-21,5531,984,204,0,1249.1,1442.782148120217,1427.4305029410382,1.0107547337961473,7.593222921816962,10955.366478294747,0.0624,Low
P019,2026-01-22,7755,590,399,0,1469.5,1449.4735472528728,1431.0920107282436,1.0128444057114339,8.869741754283032,12856.456043797545,0.0818,Low
P019,2026-01-23,9191,586,91,0,1303.1,1412.8311382081558,1420.1499733280202,0.9948464280493015,8.47988332540147,11980.64321049932,0.2096,Low
P019,2026-01-24,7053,938,248,0,1422.3000000000002,1415.2007312851417,1420.3307911927213,0.9963881161323322,9.763047912555303,13816.67254542014,0.0274,Low
P019,2026-01-25,9511,1045,321,0,1794.6,1510.1219808292417,1451.3376580018248,1.0405035396816718,7.747278848646416,11699.336080954412,0.0611,Low
P019,2026-01-26,8122,391,205,1,1212.7,1435.7244951160483,1431.8380528756159,1.0027142959397428,6.5447656604792375,9396.480373544404,0.5182,Medium
P019,2026-01-27,9221,793,275,0,1593.6,1475.210085812457,1444.8896115587602,1.0209846231859474,7.125269287790764,10511.269117478678,0.0637,Low
P019,2026-01-28,7153,499,212,0,1176.8000000000002,1400.5838720833797,1423.509674217227,0.9838948674617174,6.386654928159276,8945.045888941717,0.3276,Low
P019,2026-01-29,8095,611,201,0,1316.0,1379.4328678084646,1415.0273326322954,0.9748453801905931,6.2212774501765615,8581.834594529186,0.3163,Low
P019,2026-01-30,6222,1144,195,0,1389.2,1381.8750869929552,1413.009638859553,0.9779657825466892,6.349634499473069,8774.401726332817,0.0898,Low
P019,2026-01-31,9810,1267,216,0,1830.5,1494.0463390772072,1445.329051159379,1.0337067033570537,5.561944672119506,8309.803075530126,0.0374,Low
P019,2026-02-01,6119,182,77,0,779.9,1315.491818073147,1394.2473638128579,0.9435139292933811,3.9558604278410545,5203.902026264246,0.0146,Low
P019,2026-02-02,5570,1222,236,0,1404.0,1337.6205307170076,1394.9902313027906,0.9588744717438273,4.062066165738136,5433.503100422246,0.0055,Low
P019,2026-02-03,8216,142,105,0,997.6,1252.6105945947154,1364.937187814169,0.9177056619166545,3.7442145346192164,4690.042794499553,0.0,Low
P019,2026-02-04,8962,894,210,0,1553.2,1327.7611307030436,1379.0805539209614,0.9627872115955228,3.8266209874444908,5080.838609061294,0.0057,Low
P019,2026-02-05,8479,1299,202,0,1699.4,1420.6738011427249,1402.9974293410908,1.0125989979068926,3.792466350974848,5387.857586545317,0.021,Low
P019,2026-02-06,7735,866,464,0,1670.5,1483.1318397212428,1422.8574898671498,1.0423614732042532,3.7969374855753486,5631.358878287917,0.0878,Low
P019,2026-02-07,4482,1013,213,0,1167.7,1404.2724699136552,1404.0133990518304,1.0001845145211254,3.9800394070908385,5589.059768549131,0.0347,Low
P019,2026-02-08,8481,611,220,0,1373.6,1396.6042496137607,1401.7782088504741,0.996308995840329,5.393804893561911,7533.010835936063,0.3795,Medium
P019,2026-02-09,8698,1742,305,0,2045.8000000000002,1558.9048193998224,1448.896334318684,1.0759257040798649,4.41408961144038,6881.1455685370975,0.0172,Low
P019,2026-02-10,6359,681,179,0,1155.4,1458.0278536915193,1427.5132035969496,1.02137608240955,4.569780863743689,6662.867784604788,0.1736,Low
P019,2026-02-11,4938,709,298,0,1146.3,1380.095449418343,1407.1043908026732,0.9808052967719217,3.9602377599723098,5465.5061111524765,0.0784,Low
P019,2026-02-12,5720,1123,273,0,1406.5,1386.696615070007,1407.0606853636534,0.9855272197135865,4.1646854399271485,5775.15520237832,0.0359,Low
P019,2026-02-13,6530,766,384,0,1420.0,1395.0224877951525,1407.9932468106836,0.9907877619777017,4.428724059656213,6178.169655459858,0.0523,Low
P019,2026-02-14,8732,811,201,0,1479.7,1416.191916366672,1413.1452868953857,1.002155913817199,4.7147017561951605,6676.922515203339,0.1255,Low
P019,2026-02-15,7746,654,20,0,1121.6,1342.5438054554836,1392.2583462566674,0.9642921512535575,4.158175703707172,5582.533033007559,0.086,Low
P019,2026-02-16,10695,855,264,0,1761.0,1447.1579945248711,1418.6052811699867,1.0201273063991858,6.2167406007328365,8996.605860237874,0.1077,Low
P019,2026-02-17,7544,587,206,0,1253.9,1398.8434472508543,1406.8661119936617,0.9942974852991424,6.319645638096441,8840.19488979865,0.3283,Low
P019,2026-02-18,5232,1491,101,0,1369.7,1391.557579936615,1404.2232428884854,0.9909802996597463,7.003706806221944,9746.061293851806,0.0832,Low
P019,2026-02-19,6083,676,353,0,1299.3000000000002,1368.4931718905875,1396.778151364405,0.9797498341138238,6.762636341962059,9254.621657954218,0.1477,Low
P019,2026-02-20,7653,437,350,0,1333.8000000000002,1359.819875234034,1392.3182629216049,0.9766587867733884,6.711774510053619,9126.804376860082,0.0882,Low
P019,2026-02-21,8728,970,296,0,1653.8000000000002,1433.3149298378112,1410.8012579368565,1.0159580675270292,6.3157209440534,9052.417121801092,0.0719,Low
P019,2026-02-22,11223,1464,156,0,2010.3,1577.5612318412448,1453.104424554665,1.0856489006068737,5.504016342829686,8682.922801868743,0.0619,Low
P019,2026-02-23,10067,923,274,0,1742.2,1618.7209312562459,1473.4716696328526,1.0985762085767303,5.697155384532489,9222.104669561966,0.0915,Low
P019,2026-02-24,5093,757,143,0,1030.8,1471.7406786893932,1442.3310209025,1.020390359187163,4.481009855990744,6594.884486669678,0.2189,Low
P019,2026-02-25,8873,1129,20,0,1471.8000000000002,1471.75550901854,1444.4012167693256,1.0189381466466885,4.5371989397448065,6677.647535082498,0.0435,Low
P019,2026-02-26,7598,1145,206,0,1538.3000000000002,1488.3916330215097,1450.9891444642506,1.0257772282047617,4.781096591324222,7116.144163194633,0.0351,Low
P019,2026-02-27,8725,913,259,0,1588.0,1513.2937261779841,1460.5903427831813,1.0360836105033664,5.082306740812084,7691.022905383004,0.0597,Low
P019,2026-02-28,7224,443,112,0,1055.9,1398.9452897711542,1432.2626493977552,0.976737947185881,3.9677146995822334,5550.615790136336,0.1841,Low
P019,2026-03-01,8695,814,211,0,1487.5,1421.083968034403,1436.1251881552776,0.9895265188994697,5.264334333976169,7481.061124386601,0.1259,Low
P019,2026-03-02,6995,716,329,0,1386.5,1412.4379758190016,1432.6584171788463,0.9858860625978642,6.1755003685401295,8722.511240210319,0.193,Low
P019,2026-03-03,7128,406,299,0,1214.8000000000002,1363.028480977894,1417.4526118949025,0.9616042609986836,7.123024578426057,9708.885371100274,0.0795,Low
P019,2026-03-04,7324,817,385,0,1525.9,1403.7463612812492,1425.0155985856131,0.9850743759042229,7.156280958297484,10045.603355516383,0.0642,Low
P019,2026-03-05,7600,895,107,0,1314.5,1381.4347707357974,1417.3143324254338,0.9746848171816027,7.354499754714531,10159.761682530547,0.0963,Low
P019,2026-03-06,7302,991,69,0,1294.7,1359.7510778877454,1408.7761095311564,0.9652002607343126,8.429219587907056,11461.640420409116,0.0849,Low
P019,2026-03-07,7933,838,229,0,1441.3000000000002,1380.1383085315274,1411.039388965144,0.9781004765307904,12.303671827141759,16980.768824238436,0.0378,Low
P019,2026-03-08,9187,908,372,0,1744.7,1471.2787317866312,1434.2437855132887,1.0258219253861847,8.331389769188108,12257.796573631194,0.0339,Low
P019,2026-03-09,6141,849,233,0,1271.6,1421.3590486805922,1422.9392881114145,0.9988894470530685,7.679273539701702,10915.004932948455,0.067,Low
P019,2026-03-10,6027,1095,457,0,1607.2,1467.8192866216962,1435.739361368673,1.0223438291745401,8.219377638215922,12064.561021400417,0.4774,Medium
P019,2026-03-11,7606,960,233,0,1473.6,1469.2644649688673,1438.3681146525728,1.0214801341789725,8.333741971739117,12244.470939295868,0.0226,Low
P019,2026-03-12,6561,262,154,0,941.1,1337.2233485487986,1403.8577293577043,0.9525347982628266,5.134683151191834,6866.218197173842,0.1236,Low
P019,2026-03-13,5543,1319,213,0,1426.8000000000002,1359.6175114342218,1405.449230521793,0.9673899791140408,5.298647565416981,7204.134016859233,0.0756,Low
P019,2026-03-14,7112,1075,112,0,1360.7,1359.8881335758713,1402.346239041056,0.9697235147922861,5.290612150927401,7194.640683398488,0.1097,Low
P019,2026-03-15,6481,828,327,0,1389.1,1367.1911001860535,1401.4280666713728,0.975569936798585,6.539433505827549,8940.655289425908,0.1118,Low
P019,2026-03-16,8384,883,232,0,1511.9,1403.3683251549585,1409.0828257921262,0.9959445176025047,6.582778782772813,9238.06323524548,0.0793,Low
P019,2026-03-17,8232,869,121,0,1378.7,1397.2012438642475,1406.9782420295692,0.993051059494901,7.348473700710032,10267.296595135767,0.1507,Low
P019,2026-03-18,7700,486,233,0,1246.0,1359.400932889124,1395.830843923944,0.9739009057348113,7.3166329587156484,9946.237669685364,0.1117,Low
P019,2026-03-19,6910,1570,220,0,1696.0,1443.550699681973,1416.6110473322092,1.019016964614477,10.1889193572443,14708.221667153208,0.0265,Low
P019,2026-03-20,5525,768,276,0,1212.5,1385.7880247536907,1402.4844968162286,0.9880950684436148,8.456554497922538,11718.991953898012,0.0481,Low
P019,2026-03-21,10141,631,66,0,1395.6,1388.2410185655162,1402.008136470779,0.9901804223178602,8.515190337894088,11821.136507957332,0.2227,Low
P019,2026-03-22,8856,394,181,0,1263.6,1357.0807639217737,1392.4334149691524,0.974610878758414,7.906155034575381,10729.290914005534,0.0969,Low
P019,2026-03-23,7245,787,293,0,1411.0,1370.5605729420972,1393.717531775602,0.983384747526387,8.388594449989235,11497.076815556142,0.0466,Low
P019,2026-03-24,6606,726,223,0,1246.6,1339.5704297052507,1383.5444797971666,0.9682163743802973,7.881409371764486,10557.702938817543,0.0638,Low
P019,2026-03-25,7856,837,268,0,1472.1,1372.7028222799981,1389.6668943064305,0.9877926991181394,8.185370087210968,11236.08062012077,0.0481,Low
P019,2026-03-26,8897,926,270,0,1622.7,1435.2021167114985,1405.775223051017,1.0209328511191758,9.833583880824019,14113.180400618705,0.0391,Low
P019,2026-03-27,5258,823,272,0,1209.3000000000002,1378.7265875326075,1392.196105358976,0.9903249781566189,9.408137740623681,12971.249642166824,0.0426,Low
P019,2026-03-28,8725,600,159,0,1331.5,1366.9199406492962,1388.0017978972592,0.9848113546192705,9.298541495377883,12710.361788986955,0.1397,Low
P019,2026-03-29,6770,969,328,0,1489.5,1397.5649554872823,1395.0147021320138,1.0018281121575923,9.588250140308507,13400.202380541186,0.0354,Low
P019,2026-03-30,7020,1080,237,0,1479.0,1417.9237166156163,1400.8168271693958,1.0122120744070924,9.514050716102847,13490.198151446015,0.036,Low
P019,2026-03-31,7445,745,299,0,1416.0,1417.4427874617095,1401.8656314739246,1.0111117253515158,10.795399729778177,15301.861484740164,0.0764,Low
